-- phpMyAdmin SQL Dump
-- version 4.0.10.14
-- http://www.phpmyadmin.net
--
-- Host: localhost:3306
-- Generation Time: Aug 19, 2016 at 06:55 AM
-- Server version: 5.5.45-cll-lve
-- PHP Version: 5.6.20

SET SQL_MODE = "NO_AUTO_VALUE_ON_ZERO";
SET time_zone = "+00:00";


/*!40101 SET @OLD_CHARACTER_SET_CLIENT=@@CHARACTER_SET_CLIENT */;
/*!40101 SET @OLD_CHARACTER_SET_RESULTS=@@CHARACTER_SET_RESULTS */;
/*!40101 SET @OLD_COLLATION_CONNECTION=@@COLLATION_CONNECTION */;
/*!40101 SET NAMES utf8 */;

--
-- Database: `0728_outnative`
--

-- --------------------------------------------------------

--
-- Table structure for table `birthday`
--

CREATE TABLE IF NOT EXISTS `birthday` (
  `birthday_id` int(200) NOT NULL AUTO_INCREMENT,
  `birthday_user_id` int(200) NOT NULL,
  `wisher_user_id` int(200) NOT NULL,
  `wish_text` text NOT NULL,
  `date_of_wish` varchar(200) NOT NULL,
  `time_of_wish` varchar(200) NOT NULL,
  `seen` int(1) NOT NULL,
  PRIMARY KEY (`birthday_id`),
  KEY `birthday_user_id` (`birthday_user_id`),
  KEY `wisher_user_id` (`wisher_user_id`)
) ENGINE=InnoDB  DEFAULT CHARSET=utf8 AUTO_INCREMENT=14 ;

--
-- Dumping data for table `birthday`
--

INSERT INTO `birthday` (`birthday_id`, `birthday_user_id`, `wisher_user_id`, `wish_text`, `date_of_wish`, `time_of_wish`, `seen`) VALUES
(1, 2, 1, 'many any happy returns of the day bro :)', '2016-02-28', '1456643920', 1),
(2, 2, 1, 'happy birthday', '2016-02-28', '1456644136', 1),
(3, 77, 1, 'happy birthday :)', '2016-02-28', '1456644187', 1),
(5, 77, 1, 'many many happy return', '2016-03-01', '1456837625', 1),
(6, 77, 1, ':) :) :)', '2016-03-01', '1456838781', 1),
(7, 91, 1, 'wish you many many happy returns of the day bro', '2016-03-02', '1456933368', 0),
(8, 77, 1, 'wish you many many happy return of the day', '2016-03-02', '1456933430', 1),
(9, 51, 33, 'happy birthday to you', '2016-03-05', '1457167036', 0),
(10, 51, 1, 'many many happy returns of the day bro', '2016-03-05', '1457200091', 0),
(11, 62, 1, 'many many happy returns of the day bro', '2016-03-14', '1457924451', 0),
(12, 62, 2, 'Hey Man, Happy Birthday!', '2016-03-14', '1457977461', 0),
(13, 26, 1, 'happy birthday bro', '2016-06-20', '1466386561', 0);

-- --------------------------------------------------------

--
-- Table structure for table `comment`
--

CREATE TABLE IF NOT EXISTS `comment` (
  `comment_id` int(200) NOT NULL AUTO_INCREMENT,
  `post_id` int(200) NOT NULL,
  `user_id` int(200) NOT NULL,
  `comment` text NOT NULL,
  `comment_date` date NOT NULL,
  `comment_time` varchar(60) NOT NULL,
  `seen` int(1) NOT NULL,
  PRIMARY KEY (`comment_id`),
  KEY `post_id` (`post_id`),
  KEY `user_id` (`user_id`)
) ENGINE=InnoDB  DEFAULT CHARSET=utf8 AUTO_INCREMENT=72 ;

--
-- Dumping data for table `comment`
--

INSERT INTO `comment` (`comment_id`, `post_id`, `user_id`, `comment`, `comment_date`, `comment_time`, `seen`) VALUES
(1, 7, 3, 'Good joke man..hehe', '2016-02-06', '14:29:03', 1),
(2, 7, 4, 'yeah it is +Sindbaj 4u', '2016-02-06', '14:30:32', 1),
(3, 11, 1, 'Babal', '2016-02-06', '16:44:11', 1),
(4, 7, 2, 'Nice one! ', '2016-02-06', '17:01:33', 1),
(5, 11, 3, 'Dami', '2016-02-06', '18:11:04', 1),
(6, 12, 2, 'Name Justin Biber photo chaae Taylor Swift koh', '2016-02-07', '06:03:04', 0),
(7, 31, 49, 'Dashing....   :) ', '2016-02-08', '02:42:27', 0),
(8, 31, 61, 'Cheers ...Alina', '2016-02-08', '04:05:46', 0),
(9, 31, 49, 'Hehe', '2016-02-08', '05:11:07', 0),
(10, 16, 1, 'what do you think?? ', '2016-02-08', '16:59:44', 1),
(11, 32, 4, 'aja k day ho? :)', '2016-02-09', '02:47:06', 1),
(12, 39, 78, 'Oiii hoiii', '2016-02-12', '05:10:15', 1),
(13, 39, 78, 'Oiii hoiii ', '2016-02-12', '05:10:31', 1),
(14, 39, 78, 'Oiii hoiii ', '2016-02-12', '05:10:31', 1),
(15, 39, 78, 'Oiii hoiii saroj', '2016-02-12', '05:10:40', 1),
(16, 39, 78, 'Cmnt haru tah 4G speed', '2016-02-12', '05:11:11', 1),
(17, 32, 1, 'valantine day yar', '2016-02-13', '08:14:44', 1),
(18, 59, 1, 'Better :)', '2016-02-13', '14:13:54', 1),
(19, 59, 4, 'masti chai bhayo ki vayena milan :)', '2016-02-13', '14:52:45', 1),
(20, 59, 1, 'k hunu yar Only puja', '2016-02-13', '16:54:49', 1),
(21, 58, 1, 'Ha ha I can Vaxo dai ', '2016-02-13', '16:55:33', 0),
(22, 45, 1, 'just want to do that sit', '2016-02-13', '16:56:09', 1),
(24, 59, 6, 'Saraswati puja ma Saraswati jo thiyena yar k bhanne', '2016-02-14', '15:42:22', 1),
(25, 59, 4, 'haha aarko pali saraswati pani aauxa dai :)', '2016-02-15', '04:32:32', 1),
(26, 58, 33, 'fuck', '2016-02-15', '09:08:28', 0),
(27, 62, 5, 'k ho million chukana face dekhya xa ta :P', '2016-02-15', '10:07:48', 1),
(28, 62, 2, 'Haha', '2016-02-15', '11:29:42', 1),
(29, 62, 1, 'dai vaxo ko vai ho ne ta hu ', '2016-02-15', '12:20:46', 1),
(30, 59, 1, 'mula arko barasa tme hunnu ta', '2016-02-15', '12:21:24', 1),
(31, 58, 1, 'k hu nishu xai vauja la xodo ke k ho', '2016-02-15', '12:22:15', 0),
(32, 58, 1, '*Dai', '2016-02-15', '12:22:27', 0),
(33, 44, 7, 'LOL GYANI.COM', '2016-02-15', '14:21:59', 0),
(34, 44, 7, 'LOL GYANI.COM', '2016-02-15', '14:22:25', 0),
(35, 68, 1, 'dai kasko pasal ho hu', '2016-02-15', '16:44:10', 1),
(36, 58, 5, 'Luck la purai f_ _ k gardeyo ne', '2016-02-15', '18:09:59', 0),
(37, 62, 3, 'ma pani xu hai kato', '2016-02-16', '11:55:54', 1),
(38, 62, 1, 'la hu nur ta kaha xes vanako pic ma ta dek de na ta', '2016-02-16', '13:12:26', 1),
(39, 58, 1, 'kina hu dai testo ', '2016-02-16', '13:14:45', 0),
(40, 62, 5, 'Haha sai ho #million', '2016-02-16', '14:48:20', 1),
(41, 37, 49, 'Chasmis :)', '2016-02-17', '05:22:50', 1),
(42, 37, 49, 'Chasmis :)', '2016-02-17', '05:22:50', 1),
(43, 74, 1, 'what great ', '2016-02-22', '08:56:10', 1),
(44, 45, 1, 'oops', '2016-02-22', '14:31:59', 1),
(45, 45, 1, 'i am with u bro', '2016-02-23', '12:38:37', 1),
(46, 45, 1, 'i am with u bro', '2016-02-23', '12:38:37', 1),
(47, 45, 1, 'i am with u bro', '2016-02-23', '12:38:38', 1),
(48, 45, 1, 'la', '2016-02-23', '12:38:57', 1),
(49, 75, 4, 'ko xa ho classs ma testo boring :)', '2016-02-24', '15:11:00', 1),
(50, 75, 1, 'sabai ne ', '2016-02-24', '15:36:36', 1),
(51, 74, 4, 'mula great means thulo (big , big )', '2016-02-24', '16:20:00', 1),
(52, 62, 81, 'dami xa', '2016-02-25', '14:43:18', 1),
(53, 62, 1, 'thnks bhai', '2016-02-25', '15:45:22', 1),
(54, 37, 62, 'hahahha thanyabad', '2016-02-26', '09:37:58', 1),
(55, 75, 4, 'jyada bore chai ko ho name vana tah?', '2016-02-26', '15:09:04', 1),
(56, 75, 1, 'tme ne mul', '2016-02-26', '15:22:40', 1),
(57, 75, 1, 'haha just joking ', '2016-02-26', '15:22:48', 1),
(58, 42, 1, 'k ho dai face tab chikana xa ta fair and handsome ko kamal ho ke k ho :P', '2016-02-26', '15:46:55', 0),
(59, 75, 1, ':)', '2016-02-26', '15:49:14', 1),
(60, 42, 1, ':D', '2016-02-26', '15:51:13', 0),
(61, 41, 1, 'hi :D', '2016-02-26', '15:51:30', 0),
(62, 76, 1, 'i am with you', '2016-02-28', '03:23:04', 1),
(63, 78, 78, 'Good', '2016-03-01', '08:20:04', 0),
(64, 68, 33, 'Mero Pasal ho vai', '2016-03-05', '08:39:52', 1),
(65, 80, 78, 'Nice', '2016-03-08', '04:35:28', 1),
(66, 80, 1, 'Thanks Aarya', '2016-03-08', '13:10:50', 1),
(67, 79, 7, 'good bro', '2016-03-14', '16:57:09', 0),
(68, 31, 1, 'Good pic dai\n', '2016-06-16', '10:54:50', 0),
(69, 88, 2, 'Dont go dude..', '2016-06-18', '15:30:27', 1),
(70, 90, 2, 'true..', '2016-06-18', '15:33:25', 0),
(71, 91, 1, 'Chuck chuck chuck chuck :)', '2016-06-22', '04:20:48', 1);

-- --------------------------------------------------------

--
-- Table structure for table `dislike`
--

CREATE TABLE IF NOT EXISTS `dislike` (
  `dislike_id` int(200) NOT NULL AUTO_INCREMENT,
  `post_id` int(200) NOT NULL,
  `user_id` int(200) NOT NULL,
  `dislike_date` date NOT NULL,
  `seen` int(1) NOT NULL,
  PRIMARY KEY (`dislike_id`),
  KEY `post_id` (`post_id`),
  KEY `user_id` (`user_id`)
) ENGINE=InnoDB  DEFAULT CHARSET=utf8 AUTO_INCREMENT=26 ;

--
-- Dumping data for table `dislike`
--

INSERT INTO `dislike` (`dislike_id`, `post_id`, `user_id`, `dislike_date`, `seen`) VALUES
(2, 14, 30, '2016-02-07', 0),
(4, 11, 36, '2016-02-07', 0),
(5, 10, 36, '2016-02-07', 0),
(11, 31, 61, '2016-02-08', 0),
(15, 11, 82, '2016-02-13', 0),
(24, 77, 78, '2016-03-08', 0),
(25, 81, 112, '2016-04-04', 0);

-- --------------------------------------------------------

--
-- Table structure for table `emoicons`
--

CREATE TABLE IF NOT EXISTS `emoicons` (
  `emo_id` int(200) NOT NULL AUTO_INCREMENT,
  `name` varchar(200) NOT NULL,
  `code` varchar(200) NOT NULL,
  PRIMARY KEY (`emo_id`)
) ENGINE=InnoDB  DEFAULT CHARSET=utf8 AUTO_INCREMENT=19 ;

--
-- Dumping data for table `emoicons`
--

INSERT INTO `emoicons` (`emo_id`, `name`, `code`) VALUES
(1, 'emo1.png', ':)\r\n'),
(2, 'emo2.png', ':('),
(3, 'emo3.png', ':D'),
(5, 'emo4.png', ':P\r\n'),
(6, 'emo5.png', '8-)'),
(7, 'emo6.png', ':-O'),
(8, 'emo7.png', ':o'),
(9, 'emo13.png', ':-)'),
(10, 'emo8.png\r\n', '/:/'),
(11, 'emo9.png', ':-('),
(12, 'emo10.png', ':E:'),
(13, 'emo11.png', ':S:'),
(14, 'emo12.png', 'o.0'),
(15, 'emo14.png', ':-/'),
(16, 'emo15.png', ':birthday:'),
(17, 'emo16.png', ':birthdaycake:'),
(18, 'emo17.png', ':gift:');

-- --------------------------------------------------------

--
-- Table structure for table `feedback`
--

CREATE TABLE IF NOT EXISTS `feedback` (
  `feedback_id` int(200) NOT NULL AUTO_INCREMENT,
  `user_id` int(200) NOT NULL,
  `feedback_text` text NOT NULL,
  `feedback_date` varchar(100) NOT NULL,
  `subject` text NOT NULL,
  PRIMARY KEY (`feedback_id`),
  KEY `user_id` (`user_id`)
) ENGINE=InnoDB  DEFAULT CHARSET=utf8 AUTO_INCREMENT=8 ;

--
-- Dumping data for table `feedback`
--

INSERT INTO `feedback` (`feedback_id`, `user_id`, `feedback_text`, `feedback_date`, `subject`) VALUES
(1, 4, 'Dear, users if you are having any problems regarding this website we are here always ready to help you. It is your right to get help and our duty is to help you. By posting issues in this(Feedback) page, let us help you.', '2016-02-06', 'Website issues '),
(2, 6, 'There should be a logo of the website inside the page .\nWithout a logo is looks like its not perfect. \n(^-^)', '2016-02-06', 'Regarding Website'),
(3, 33, 'Well, this website is very good but chatting system is little not understandable. Little clearance is needed in chat guyz. thank you outnative', '2016-02-07', 'Yes'),
(4, 62, 'chatting system is not good, photo editing option is not there, and it would be better if there is option for public post, this can group many unknown together.', '2016-02-15', 'Regarding web page and system '),
(5, 1, 'bro i just want to let you know that there is 2 option for posting yours image and status <br>\n1)Global Post: Your can post your content as global post so that your post can view by all the outnative users but only your followers can give comment to your post. <br>\n2)Friend Post: You can also post your content as friend post so that your post can only view by your friends and they have right to give comment in your post. <br>\nAnd you got a filter option to filter your friends post  and global post <br>\nAnd in others things we are still working on it to give a better service to you guys so please give feedback if you want new concept from this site other wise you can contact us  :)\n', '2016-02-15', 'To Banil Krstha'),
(6, 79, 'Keta ho hera uttamay le id banauna khojdai thyo load huna tyakkai 10 mins lago.', '2016-02-23', 'Taking access time to load the Website .'),
(7, 2, 'Yo information Insufficient xa k bhako bujna lae. Depends on the internet speed also.\nSometimes also the mentality. Facebook dhilo khulda net slow, yo dhilo khulda website slow.', '2016-02-24', 'To Mahesh Dae');

-- --------------------------------------------------------

--
-- Table structure for table `friend_list`
--

CREATE TABLE IF NOT EXISTS `friend_list` (
  `list_id` int(200) NOT NULL AUTO_INCREMENT,
  `user_id` int(200) NOT NULL,
  `friend_id` int(200) NOT NULL,
  `following_date` varchar(200) NOT NULL,
  PRIMARY KEY (`list_id`),
  KEY `user_id` (`user_id`),
  KEY `friend_id` (`friend_id`)
) ENGINE=InnoDB  DEFAULT CHARSET=utf8 AUTO_INCREMENT=653 ;

--
-- Dumping data for table `friend_list`
--

INSERT INTO `friend_list` (`list_id`, `user_id`, `friend_id`, `following_date`) VALUES
(168, 2, 3, '2016-02-06'),
(169, 3, 2, '2016-02-06'),
(171, 4, 1, '2016-02-06'),
(172, 4, 2, '2016-02-06'),
(173, 4, 3, '2016-02-06'),
(174, 3, 4, '2016-02-06'),
(176, 3, 1, '2016-02-06'),
(177, 1, 2, '2016-02-06'),
(178, 2, 1, '2016-02-06'),
(179, 1, 3, '2016-02-06'),
(181, 6, 1, '2016-02-06'),
(182, 6, 2, '2016-02-06'),
(183, 6, 3, '2016-02-06'),
(184, 7, 1, '2016-02-06'),
(185, 7, 2, '2016-02-06'),
(186, 7, 3, '2016-02-06'),
(187, 7, 5, '2016-02-06'),
(188, 7, 6, '2016-02-06'),
(189, 7, 4, '2016-02-06'),
(190, 5, 7, '2016-02-06'),
(191, 1, 6, '2016-02-06'),
(192, 1, 5, '2016-02-06'),
(193, 5, 1, '2016-02-06'),
(194, 6, 4, '2016-02-06'),
(195, 5, 4, '2016-02-06'),
(196, 3, 6, '2016-02-06'),
(197, 6, 7, '2016-02-06'),
(198, 1, 7, '2016-02-06'),
(199, 3, 7, '2016-02-06'),
(200, 2, 6, '2016-02-06'),
(201, 2, 7, '2016-02-06'),
(202, 2, 5, '2016-02-06'),
(203, 3, 9, '2016-02-06'),
(204, 3, 10, '2016-02-06'),
(206, 9, 3, '2016-02-06'),
(207, 2, 11, '2016-02-06'),
(208, 3, 11, '2016-02-06'),
(210, 11, 3, '2016-02-06'),
(211, 11, 2, '2016-02-06'),
(212, 11, 1, '2016-02-06'),
(213, 11, 4, '2016-02-06'),
(214, 11, 5, '2016-02-06'),
(215, 11, 7, '2016-02-06'),
(216, 2, 12, '2016-02-06'),
(218, 17, 2, '2016-02-07'),
(219, 17, 5, '2016-02-07'),
(220, 17, 6, '2016-02-07'),
(221, 17, 7, '2016-02-07'),
(222, 2, 17, '2016-02-07'),
(223, 18, 4, '2016-02-07'),
(224, 18, 2, '2016-02-07'),
(225, 18, 1, '2016-02-07'),
(226, 18, 6, '2016-02-07'),
(227, 18, 5, '2016-02-07'),
(228, 2, 18, '2016-02-07'),
(229, 3, 18, '2016-02-07'),
(230, 4, 5, '2016-02-07'),
(231, 4, 6, '2016-02-07'),
(232, 4, 7, '2016-02-07'),
(233, 4, 11, '2016-02-07'),
(234, 4, 18, '2016-02-07'),
(235, 4, 26, '2016-02-07'),
(236, 26, 4, '2016-02-07'),
(237, 3, 27, '2016-02-07'),
(238, 27, 3, '2016-02-07'),
(240, 3, 30, '2016-02-07'),
(242, 30, 3, '2016-02-07'),
(243, 33, 3, '2016-02-07'),
(244, 33, 2, '2016-02-07'),
(245, 33, 1, '2016-02-07'),
(246, 2, 33, '2016-02-07'),
(247, 3, 33, '2016-02-07'),
(248, 33, 4, '2016-02-07'),
(249, 33, 5, '2016-02-07'),
(250, 33, 6, '2016-02-07'),
(251, 33, 7, '2016-02-07'),
(252, 33, 9, '2016-02-07'),
(253, 33, 11, '2016-02-07'),
(254, 1, 18, '2016-02-07'),
(255, 36, 4, '2016-02-07'),
(257, 36, 2, '2016-02-07'),
(258, 36, 3, '2016-02-07'),
(259, 36, 6, '2016-02-07'),
(260, 2, 36, '2016-02-07'),
(262, 1, 33, '2016-02-07'),
(263, 1, 11, '2016-02-07'),
(264, 4, 33, '2016-02-07'),
(265, 4, 36, '2016-02-07'),
(266, 3, 36, '2016-02-07'),
(267, 2, 40, '2016-02-07'),
(268, 18, 3, '2016-02-07'),
(269, 18, 7, '2016-02-07'),
(270, 18, 27, '2016-02-07'),
(271, 18, 46, '2016-02-07'),
(273, 18, 40, '2016-02-07'),
(274, 18, 34, '2016-02-07'),
(275, 18, 41, '2016-02-07'),
(276, 18, 17, '2016-02-07'),
(279, 17, 18, '2016-02-07'),
(280, 1, 46, '2016-02-07'),
(281, 46, 1, '2016-02-07'),
(282, 46, 18, '2016-02-07'),
(283, 46, 4, '2016-02-07'),
(285, 17, 1, '2016-02-07'),
(286, 17, 3, '2016-02-07'),
(287, 17, 4, '2016-02-07'),
(288, 17, 8, '2016-02-07'),
(289, 17, 9, '2016-02-07'),
(290, 17, 10, '2016-02-07'),
(291, 17, 11, '2016-02-07'),
(292, 17, 12, '2016-02-07'),
(293, 17, 13, '2016-02-07'),
(295, 17, 14, '2016-02-07'),
(296, 3, 17, '2016-02-07'),
(297, 3, 48, '2016-02-07'),
(298, 1, 17, '2016-02-07'),
(299, 1, 49, '2016-02-07'),
(300, 49, 1, '2016-02-07'),
(301, 50, 1, '2016-02-07'),
(302, 50, 2, '2016-02-07'),
(303, 50, 3, '2016-02-07'),
(304, 50, 5, '2016-02-07'),
(305, 50, 6, '2016-02-07'),
(306, 4, 17, '2016-02-07'),
(307, 4, 46, '2016-02-07'),
(308, 2, 50, '2016-02-07'),
(311, 52, 4, '2016-02-07'),
(312, 4, 52, '2016-02-07'),
(313, 3, 50, '2016-02-07'),
(314, 53, 4, '2016-02-07'),
(315, 53, 1, '2016-02-07'),
(316, 53, 6, '2016-02-07'),
(317, 53, 5, '2016-02-07'),
(318, 4, 53, '2016-02-07'),
(319, 46, 2, '2016-02-07'),
(320, 2, 54, '2016-02-07'),
(321, 54, 2, '2016-02-07'),
(322, 54, 3, '2016-02-07'),
(323, 54, 1, '2016-02-07'),
(324, 6, 53, '2016-02-07'),
(325, 6, 50, '2016-02-07'),
(326, 6, 36, '2016-02-07'),
(327, 6, 33, '2016-02-07'),
(328, 6, 18, '2016-02-07'),
(329, 6, 17, '2016-02-07'),
(330, 1, 53, '2016-02-07'),
(331, 1, 54, '2016-02-07'),
(332, 55, 2, '2016-02-07'),
(333, 55, 1, '2016-02-07'),
(334, 55, 4, '2016-02-07'),
(335, 4, 55, '2016-02-07'),
(336, 1, 55, '2016-02-07'),
(337, 2, 55, '2016-02-07'),
(338, 56, 1, '2016-02-07'),
(339, 56, 2, '2016-02-07'),
(340, 56, 3, '2016-02-07'),
(341, 56, 5, '2016-02-07'),
(342, 56, 4, '2016-02-07'),
(343, 2, 56, '2016-02-07'),
(345, 49, 51, '2016-02-07'),
(346, 4, 56, '2016-02-07'),
(347, 59, 12, '2016-02-07'),
(348, 62, 1, '2016-02-08'),
(349, 62, 2, '2016-02-08'),
(350, 62, 3, '2016-02-08'),
(351, 62, 6, '2016-02-08'),
(352, 49, 61, '2016-02-08'),
(353, 49, 58, '2016-02-08'),
(354, 49, 59, '2016-02-08'),
(355, 49, 62, '2016-02-08'),
(357, 61, 49, '2016-02-08'),
(358, 51, 49, '2016-02-08'),
(359, 2, 62, '2016-02-08'),
(360, 3, 54, '2016-02-08'),
(361, 3, 56, '2016-02-08'),
(362, 3, 62, '2016-02-08'),
(363, 66, 1, '2016-02-08'),
(364, 66, 2, '2016-02-08'),
(365, 66, 3, '2016-02-08'),
(366, 66, 4, '2016-02-08'),
(367, 66, 5, '2016-02-08'),
(368, 66, 6, '2016-02-08'),
(369, 66, 7, '2016-02-08'),
(370, 66, 9, '2016-02-08'),
(371, 66, 11, '2016-02-08'),
(372, 66, 12, '2016-02-08'),
(374, 2, 66, '2016-02-08'),
(376, 4, 66, '2016-02-09'),
(377, 1, 56, '2016-02-09'),
(378, 49, 67, '2016-02-10'),
(379, 59, 49, '2016-02-10'),
(380, 62, 49, '2016-02-10'),
(381, 62, 4, '2016-02-10'),
(382, 62, 7, '2016-02-10'),
(383, 62, 9, '2016-02-10'),
(384, 62, 11, '2016-02-10'),
(385, 62, 12, '2016-02-10'),
(386, 62, 25, '2016-02-10'),
(387, 62, 18, '2016-02-10'),
(388, 62, 17, '2016-02-10'),
(389, 62, 13, '2016-02-10'),
(390, 62, 26, '2016-02-10'),
(391, 62, 27, '2016-02-10'),
(392, 62, 29, '2016-02-10'),
(393, 62, 30, '2016-02-10'),
(394, 62, 36, '2016-02-10'),
(395, 62, 34, '2016-02-10'),
(396, 62, 33, '2016-02-10'),
(397, 62, 32, '2016-02-10'),
(398, 62, 40, '2016-02-10'),
(399, 62, 41, '2016-02-10'),
(401, 62, 46, '2016-02-10'),
(402, 62, 42, '2016-02-10'),
(403, 62, 67, '2016-02-10'),
(404, 62, 66, '2016-02-10'),
(405, 62, 61, '2016-02-10'),
(406, 62, 55, '2016-02-10'),
(407, 62, 56, '2016-02-10'),
(408, 62, 58, '2016-02-10'),
(409, 62, 59, '2016-02-10'),
(410, 62, 54, '2016-02-10'),
(411, 62, 53, '2016-02-10'),
(412, 62, 52, '2016-02-10'),
(413, 62, 51, '2016-02-10'),
(414, 62, 5, '2016-02-10'),
(415, 62, 47, '2016-02-10'),
(416, 62, 48, '2016-02-10'),
(417, 62, 50, '2016-02-10'),
(419, 1, 4, '2016-02-10'),
(421, 4, 62, '2016-02-10'),
(424, 2, 46, '2016-02-10'),
(429, 75, 4, '2016-02-11'),
(433, 4, 75, '2016-02-11'),
(434, 1, 75, '2016-02-12'),
(435, 77, 1, '2016-02-12'),
(437, 78, 7, '2016-02-12'),
(438, 81, 2, '2016-02-13'),
(439, 81, 3, '2016-02-13'),
(440, 81, 1, '2016-02-13'),
(441, 81, 6, '2016-02-13'),
(442, 81, 48, '2016-02-13'),
(446, 9, 17, '2016-02-13'),
(447, 9, 33, '2016-02-13'),
(448, 9, 62, '2016-02-13'),
(449, 9, 66, '2016-02-13'),
(451, 5, 2, '2016-02-13'),
(453, 5, 17, '2016-02-13'),
(454, 5, 18, '2016-02-13'),
(455, 5, 53, '2016-02-13'),
(458, 4, 83, '2016-02-13'),
(460, 83, 4, '2016-02-13'),
(461, 2, 81, '2016-02-13'),
(462, 9, 84, '2016-02-13'),
(465, 6, 46, '2016-02-14'),
(466, 86, 1, '2016-02-14'),
(467, 86, 2, '2016-02-14'),
(468, 86, 3, '2016-02-14'),
(469, 6, 62, '2016-02-14'),
(470, 6, 66, '2016-02-14'),
(471, 6, 81, '2016-02-14'),
(472, 2, 86, '2016-02-14'),
(473, 51, 62, '2016-02-15'),
(474, 83, 1, '2016-02-15'),
(475, 83, 2, '2016-02-15'),
(476, 83, 3, '2016-02-15'),
(477, 33, 62, '2016-02-15'),
(478, 33, 12, '2016-02-15'),
(479, 33, 13, '2016-02-15'),
(480, 33, 17, '2016-02-15'),
(481, 33, 40, '2016-02-15'),
(482, 33, 48, '2016-02-15'),
(483, 33, 50, '2016-02-15'),
(484, 33, 53, '2016-02-15'),
(485, 33, 55, '2016-02-15'),
(486, 33, 61, '2016-02-15'),
(487, 33, 75, '2016-02-15'),
(488, 33, 81, '2016-02-15'),
(489, 33, 18, '2016-02-15'),
(490, 33, 25, '2016-02-15'),
(491, 33, 26, '2016-02-15'),
(492, 33, 27, '2016-02-15'),
(493, 33, 29, '2016-02-15'),
(494, 33, 30, '2016-02-15'),
(495, 33, 32, '2016-02-15'),
(496, 33, 42, '2016-02-15'),
(497, 33, 34, '2016-02-15'),
(498, 33, 36, '2016-02-15'),
(499, 33, 46, '2016-02-15'),
(500, 33, 41, '2016-02-15'),
(501, 33, 47, '2016-02-15'),
(502, 33, 49, '2016-02-15'),
(503, 33, 54, '2016-02-15'),
(504, 33, 51, '2016-02-15'),
(505, 33, 52, '2016-02-15'),
(506, 33, 56, '2016-02-15'),
(507, 62, 86, '2016-02-15'),
(508, 62, 81, '2016-02-15'),
(509, 62, 82, '2016-02-15'),
(510, 62, 83, '2016-02-15'),
(511, 62, 84, '2016-02-15'),
(512, 62, 78, '2016-02-15'),
(513, 62, 77, '2016-02-15'),
(514, 62, 75, '2016-02-15'),
(515, 62, 79, '2016-02-15'),
(516, 3, 83, '2016-02-15'),
(517, 3, 66, '2016-02-15'),
(518, 3, 81, '2016-02-15'),
(519, 3, 86, '2016-02-15'),
(520, 1, 83, '2016-02-15'),
(522, 3, 29, '2016-02-15'),
(523, 2, 83, '2016-02-15'),
(524, 83, 62, '2016-02-15'),
(526, 7, 11, '2016-02-15'),
(527, 7, 17, '2016-02-15'),
(528, 7, 18, '2016-02-15'),
(529, 7, 33, '2016-02-15'),
(530, 7, 62, '2016-02-15'),
(531, 7, 66, '2016-02-15'),
(532, 7, 78, '2016-02-15'),
(533, 36, 1, '2016-02-16'),
(534, 36, 5, '2016-02-16'),
(535, 36, 7, '2016-02-16'),
(536, 3, 90, '2016-02-16'),
(537, 7, 36, '2016-02-16'),
(538, 84, 9, '2016-02-16'),
(539, 84, 62, '2016-02-16'),
(540, 49, 33, '2016-02-17'),
(541, 33, 66, '2016-02-17'),
(542, 33, 59, '2016-02-17'),
(543, 33, 58, '2016-02-17'),
(544, 46, 6, '2016-02-21'),
(545, 46, 33, '2016-02-21'),
(546, 46, 62, '2016-02-21'),
(547, 96, 1, '2016-02-23'),
(548, 96, 2, '2016-02-23'),
(549, 96, 3, '2016-02-23'),
(550, 96, 6, '2016-02-23'),
(551, 96, 7, '2016-02-23'),
(552, 96, 9, '2016-02-23'),
(553, 96, 11, '2016-02-23'),
(554, 96, 12, '2016-02-23'),
(555, 96, 13, '2016-02-23'),
(556, 96, 17, '2016-02-23'),
(557, 96, 18, '2016-02-23'),
(558, 96, 25, '2016-02-23'),
(559, 96, 26, '2016-02-23'),
(560, 96, 27, '2016-02-23'),
(561, 96, 29, '2016-02-23'),
(562, 96, 30, '2016-02-23'),
(564, 1, 36, '2016-02-23'),
(567, 1, 81, '2016-02-23'),
(568, 1, 77, '2016-02-23'),
(570, 1, 86, '2016-02-23'),
(571, 1, 96, '2016-02-23'),
(572, 2, 96, '2016-02-23'),
(574, 2, 4, '2016-02-23'),
(575, 2, 79, '2016-02-24'),
(576, 81, 5, '2016-02-25'),
(577, 81, 4, '2016-02-25'),
(578, 81, 7, '2016-02-25'),
(579, 81, 33, '2016-02-25'),
(580, 81, 62, '2016-02-25'),
(581, 81, 9, '2016-02-25'),
(582, 81, 11, '2016-02-25'),
(583, 81, 12, '2016-02-25'),
(584, 81, 13, '2016-02-25'),
(585, 51, 33, '2016-02-25'),
(586, 1, 51, '2016-02-25'),
(587, 51, 1, '2016-02-25'),
(588, 98, 1, '2016-02-25'),
(589, 98, 2, '2016-02-25'),
(590, 1, 98, '2016-02-26'),
(591, 4, 81, '2016-02-26'),
(592, 77, 4, '2016-02-28'),
(593, 77, 5, '2016-02-28'),
(594, 77, 3, '2016-02-28'),
(595, 77, 2, '2016-02-28'),
(596, 77, 7, '2016-02-28'),
(597, 78, 62, '2016-02-29'),
(598, 1, 9, '2016-03-02'),
(599, 4, 77, '2016-03-03'),
(600, 1, 78, '2016-03-03'),
(601, 77, 62, '2016-03-03'),
(602, 6, 96, '2016-03-03'),
(603, 33, 67, '2016-03-05'),
(604, 33, 77, '2016-03-05'),
(605, 33, 78, '2016-03-05'),
(606, 4, 54, '2016-03-06'),
(607, 78, 1, '2016-03-08'),
(608, 78, 33, '2016-03-08'),
(609, 17, 62, '2016-03-08'),
(610, 17, 33, '2016-03-08'),
(611, 9, 1, '2016-03-12'),
(612, 9, 81, '2016-03-12'),
(613, 9, 96, '2016-03-12'),
(614, 9, 5, '2016-03-12'),
(615, 9, 4, '2016-03-12'),
(616, 9, 2, '2016-03-12'),
(617, 2, 9, '2016-03-12'),
(618, 2, 98, '2016-03-12'),
(619, 7, 77, '2016-03-14'),
(620, 7, 81, '2016-03-14'),
(621, 7, 96, '2016-03-14'),
(622, 2, 77, '2016-03-17'),
(623, 4, 9, '2016-03-23'),
(624, 77, 33, '2016-03-25'),
(625, 1, 62, '2016-03-25'),
(626, 1, 66, '2016-03-25'),
(627, 1, 50, '2016-03-25'),
(628, 1, 61, '2016-05-27'),
(630, 115, 1, '2016-05-31'),
(631, 1, 115, '2016-05-31'),
(632, 117, 2, '2016-06-09'),
(633, 117, 1, '2016-06-09'),
(634, 117, 3, '2016-06-09'),
(635, 117, 4, '2016-06-09'),
(636, 117, 33, '2016-06-09'),
(637, 117, 98, '2016-06-09'),
(638, 33, 117, '2016-06-09'),
(639, 2, 117, '2016-06-10'),
(640, 1, 117, '2016-06-14'),
(641, 33, 79, '2016-06-14'),
(642, 33, 82, '2016-06-14'),
(643, 33, 83, '2016-06-14'),
(644, 4, 117, '2016-06-15'),
(645, 1, 27, '2016-06-16'),
(647, 1, 40, '2016-06-19'),
(648, 1, 42, '2016-08-03'),
(649, 123, 4, '2016-08-05'),
(650, 123, 1, '2016-08-05'),
(651, 123, 2, '2016-08-05'),
(652, 1, 123, '2016-08-13');

-- --------------------------------------------------------

--
-- Table structure for table `like`
--

CREATE TABLE IF NOT EXISTS `like` (
  `like_id` int(200) NOT NULL AUTO_INCREMENT,
  `post_id` int(200) NOT NULL,
  `user_id` int(200) NOT NULL,
  `like_date` date NOT NULL,
  `seen` int(1) NOT NULL,
  PRIMARY KEY (`like_id`),
  KEY `post_id` (`post_id`),
  KEY `user_id` (`user_id`)
) ENGINE=InnoDB  DEFAULT CHARSET=utf8 AUTO_INCREMENT=416 ;

--
-- Dumping data for table `like`
--

INSERT INTO `like` (`like_id`, `post_id`, `user_id`, `like_date`, `seen`) VALUES
(1, 7, 3, '2016-02-06', 1),
(5, 6, 4, '2016-02-06', 1),
(6, 6, 1, '2016-02-06', 1),
(7, 6, 3, '2016-02-06', 1),
(8, 6, 2, '2016-02-06', 1),
(9, 7, 5, '2016-02-06', 1),
(10, 6, 5, '2016-02-06', 1),
(11, 9, 5, '2016-02-06', 0),
(12, 10, 7, '2016-02-06', 1),
(13, 9, 6, '2016-02-06', 0),
(14, 11, 1, '2016-02-06', 1),
(15, 6, 6, '2016-02-06', 1),
(16, 11, 6, '2016-02-06', 1),
(17, 9, 1, '2016-02-06', 0),
(18, 7, 1, '2016-02-06', 1),
(19, 12, 5, '2016-02-06', 0),
(20, 6, 7, '2016-02-06', 1),
(21, 10, 5, '2016-02-06', 1),
(22, 11, 5, '2016-02-06', 1),
(23, 9, 2, '2016-02-06', 0),
(24, 13, 2, '2016-02-06', 0),
(25, 11, 2, '2016-02-06', 1),
(26, 10, 2, '2016-02-06', 1),
(27, 12, 2, '2016-02-06', 0),
(28, 12, 11, '2016-02-06', 0),
(29, 7, 2, '2016-02-06', 1),
(30, 14, 2, '2016-02-06', 0),
(31, 11, 3, '2016-02-06', 1),
(32, 10, 3, '2016-02-06', 1),
(33, 12, 3, '2016-02-06', 0),
(34, 13, 3, '2016-02-06', 0),
(35, 14, 3, '2016-02-06', 0),
(36, 9, 3, '2016-02-06', 0),
(37, 14, 1, '2016-02-07', 0),
(38, 6, 18, '2016-02-07', 1),
(40, 13, 4, '2016-02-07', 0),
(41, 12, 4, '2016-02-07', 0),
(42, 11, 4, '2016-02-07', 1),
(43, 10, 4, '2016-02-07', 1),
(44, 9, 4, '2016-02-07', 0),
(45, 15, 3, '2016-02-07', 0),
(46, 16, 3, '2016-02-07', 1),
(47, 16, 2, '2016-02-07', 1),
(49, 16, 33, '2016-02-07', 1),
(50, 15, 33, '2016-02-07', 0),
(51, 14, 33, '2016-02-07', 0),
(52, 11, 33, '2016-02-07', 1),
(53, 6, 33, '2016-02-07', 1),
(54, 15, 2, '2016-02-07', 0),
(55, 13, 36, '2016-02-07', 0),
(57, 12, 36, '2016-02-07', 0),
(59, 15, 36, '2016-02-07', 0),
(60, 14, 36, '2016-02-07', 0),
(61, 15, 4, '2016-02-07', 0),
(62, 16, 1, '2016-02-07', 1),
(63, 15, 1, '2016-02-07', 0),
(64, 13, 1, '2016-02-07', 0),
(65, 12, 1, '2016-02-07', 0),
(66, 10, 1, '2016-02-07', 1),
(67, 16, 18, '2016-02-07', 1),
(68, 15, 18, '2016-02-07', 0),
(69, 12, 18, '2016-02-07', 0),
(70, 11, 18, '2016-02-07', 1),
(71, 9, 18, '2016-02-07', 0),
(72, 11, 7, '2016-02-07', 1),
(73, 7, 49, '2016-02-07', 1),
(74, 17, 1, '2016-02-07', 0),
(75, 6, 50, '2016-02-07', 1),
(76, 7, 50, '2016-02-07', 1),
(77, 17, 2, '2016-02-07', 0),
(78, 25, 2, '2016-02-07', 1),
(79, 25, 4, '2016-02-07', 1),
(80, 14, 4, '2016-02-07', 0),
(81, 26, 1, '2016-02-07', 1),
(82, 26, 2, '2016-02-07', 1),
(83, 26, 52, '2016-02-07', 1),
(84, 25, 52, '2016-02-07', 1),
(85, 16, 52, '2016-02-07', 1),
(86, 26, 3, '2016-02-07', 1),
(87, 27, 52, '2016-02-07', 0),
(88, 27, 4, '2016-02-07', 0),
(89, 27, 1, '2016-02-07', 0),
(90, 27, 2, '2016-02-07', 0),
(91, 27, 3, '2016-02-07', 0),
(92, 25, 46, '2016-02-07', 1),
(93, 28, 2, '2016-02-07', 0),
(94, 28, 53, '2016-02-07', 0),
(95, 27, 53, '2016-02-07', 0),
(96, 26, 53, '2016-02-07', 1),
(97, 16, 53, '2016-02-07', 1),
(98, 7, 53, '2016-02-07', 1),
(99, 29, 2, '2016-02-07', 0),
(100, 29, 1, '2016-02-07', 0),
(101, 30, 56, '2016-02-07', 0),
(103, 29, 56, '2016-02-07', 0),
(104, 25, 49, '2016-02-07', 1),
(106, 31, 49, '2016-02-08', 0),
(107, 17, 49, '2016-02-08', 0),
(109, 31, 1, '2016-02-08', 0),
(110, 28, 1, '2016-02-08', 0),
(112, 6, 49, '2016-02-08', 1),
(113, 17, 51, '2016-02-08', 0),
(114, 31, 4, '2016-02-08', 0),
(115, 30, 4, '2016-02-08', 0),
(116, 29, 4, '2016-02-08', 0),
(117, 28, 4, '2016-02-08', 0),
(118, 26, 4, '2016-02-08', 1),
(119, 17, 4, '2016-02-08', 0),
(120, 16, 4, '2016-02-08', 1),
(121, 7, 4, '2016-02-08', 1),
(122, 31, 3, '2016-02-08', 0),
(123, 32, 2, '2016-02-08', 1),
(125, 32, 4, '2016-02-09', 1),
(126, 32, 61, '2016-02-09', 1),
(127, 25, 1, '2016-02-09', 1),
(128, 33, 1, '2016-02-09', 1),
(129, 33, 2, '2016-02-09', 1),
(130, 33, 49, '2016-02-10', 1),
(131, 32, 49, '2016-02-10', 1),
(132, 37, 1, '2016-02-10', 1),
(133, 37, 4, '2016-02-10', 1),
(134, 36, 4, '2016-02-10', 1),
(136, 36, 2, '2016-02-10', 1),
(137, 36, 62, '2016-02-11', 1),
(138, 39, 1, '2016-02-11', 1),
(139, 39, 78, '2016-02-12', 1),
(140, 40, 78, '2016-02-12', 0),
(142, 40, 75, '2016-02-12', 0),
(144, 42, 1, '2016-02-12', 0),
(145, 41, 1, '2016-02-12', 0),
(147, 40, 5, '2016-02-12', 0),
(148, 42, 5, '2016-02-12', 0),
(149, 41, 5, '2016-02-12', 0),
(150, 28, 5, '2016-02-12', 0),
(151, 42, 2, '2016-02-12', 0),
(152, 41, 2, '2016-02-12', 0),
(153, 40, 2, '2016-02-12', 0),
(154, 39, 2, '2016-02-12', 1),
(156, 44, 2, '2016-02-12', 0),
(157, 45, 2, '2016-02-12', 1),
(159, 44, 1, '2016-02-13', 0),
(160, 40, 1, '2016-02-13', 0),
(163, 46, 9, '2016-02-13', 1),
(165, 45, 5, '2016-02-13', 1),
(167, 46, 5, '2016-02-13', 1),
(168, 58, 1, '2016-02-13', 0),
(169, 7, 82, '2016-02-13', 1),
(170, 58, 4, '2016-02-13', 0),
(171, 46, 4, '2016-02-13', 1),
(172, 45, 4, '2016-02-13', 1),
(173, 44, 4, '2016-02-13', 0),
(174, 59, 4, '2016-02-13', 1),
(175, 59, 1, '2016-02-13', 1),
(176, 58, 2, '2016-02-13', 0),
(177, 59, 2, '2016-02-13', 1),
(180, 58, 84, '2016-02-13', 0),
(181, 37, 83, '2016-02-14', 1),
(182, 33, 83, '2016-02-14', 1),
(183, 31, 83, '2016-02-14', 0),
(184, 42, 6, '2016-02-14', 0),
(185, 46, 6, '2016-02-14', 1),
(186, 62, 6, '2016-02-14', 1),
(187, 62, 2, '2016-02-14', 1),
(188, 46, 1, '2016-02-14', 1),
(192, 31, 9, '2016-02-14', 0),
(193, 62, 51, '2016-02-15', 1),
(194, 59, 51, '2016-02-15', 1),
(195, 37, 51, '2016-02-15', 1),
(196, 62, 4, '2016-02-15', 1),
(197, 62, 1, '2016-02-15', 1),
(198, 62, 62, '2016-02-15', 1),
(199, 59, 62, '2016-02-15', 1),
(200, 58, 62, '2016-02-15', 0),
(201, 46, 62, '2016-02-15', 1),
(202, 45, 62, '2016-02-15', 1),
(203, 42, 62, '2016-02-15', 0),
(204, 41, 62, '2016-02-15', 0),
(205, 62, 83, '2016-02-15', 1),
(206, 46, 83, '2016-02-15', 1),
(207, 59, 83, '2016-02-15', 1),
(208, 45, 83, '2016-02-15', 1),
(209, 16, 83, '2016-02-15', 1),
(210, 28, 83, '2016-02-15', 0),
(211, 27, 83, '2016-02-15', 0),
(212, 26, 83, '2016-02-15', 1),
(213, 62, 33, '2016-02-15', 1),
(214, 59, 33, '2016-02-15', 1),
(216, 68, 62, '2016-02-15', 1),
(217, 62, 5, '2016-02-15', 1),
(218, 68, 3, '2016-02-15', 1),
(219, 62, 3, '2016-02-15', 1),
(220, 58, 3, '2016-02-15', 0),
(221, 46, 3, '2016-02-15', 1),
(222, 45, 3, '2016-02-15', 1),
(224, 42, 3, '2016-02-15', 0),
(225, 37, 3, '2016-02-15', 1),
(226, 32, 3, '2016-02-15', 1),
(227, 68, 1, '2016-02-15', 1),
(228, 62, 49, '2016-02-15', 1),
(229, 59, 49, '2016-02-15', 1),
(230, 68, 7, '2016-02-15', 1),
(231, 62, 7, '2016-02-15', 1),
(232, 58, 7, '2016-02-15', 0),
(233, 46, 7, '2016-02-15', 1),
(234, 45, 7, '2016-02-15', 1),
(235, 44, 7, '2016-02-15', 0),
(236, 42, 7, '2016-02-15', 0),
(237, 41, 7, '2016-02-15', 0),
(238, 59, 7, '2016-02-15', 1),
(239, 69, 2, '2016-02-15', 1),
(240, 46, 2, '2016-02-15', 1),
(241, 69, 90, '2016-02-15', 1),
(242, 69, 1, '2016-02-15', 1),
(243, 69, 4, '2016-02-16', 1),
(244, 68, 4, '2016-02-16', 1),
(245, 74, 5, '2016-02-16', 1),
(246, 58, 5, '2016-02-16', 0),
(247, 74, 7, '2016-02-16', 1),
(248, 69, 7, '2016-02-16', 1),
(249, 74, 1, '2016-02-16', 1),
(250, 74, 2, '2016-02-16', 1),
(252, 37, 49, '2016-02-17', 1),
(253, 36, 49, '2016-02-17', 1),
(254, 46, 49, '2016-02-17', 1),
(255, 45, 49, '2016-02-17', 1),
(256, 74, 4, '2016-02-17', 1),
(257, 62, 46, '2016-02-21', 1),
(258, 32, 1, '2016-02-22', 1),
(259, 75, 96, '2016-02-23', 1),
(260, 45, 1, '2016-02-23', 1),
(261, 74, 83, '2016-02-24', 1),
(263, 75, 4, '2016-02-24', 1),
(264, 68, 2, '2016-02-24', 1),
(265, 75, 1, '2016-02-25', 1),
(266, 75, 81, '2016-02-25', 1),
(268, 74, 81, '2016-02-25', 1),
(269, 62, 81, '2016-02-25', 1),
(270, 75, 51, '2016-02-25', 1),
(271, 75, 98, '2016-02-25', 1),
(272, 74, 98, '2016-02-25', 1),
(273, 33, 62, '2016-02-26', 1),
(274, 75, 62, '2016-02-26', 1),
(275, 74, 62, '2016-02-26', 1),
(276, 69, 62, '2016-02-26', 1),
(277, 77, 1, '2016-02-27', 1),
(278, 76, 1, '2016-02-27', 1),
(279, 78, 78, '2016-02-29', 0),
(280, 44, 78, '2016-02-29', 0),
(281, 78, 1, '2016-02-29', 0),
(282, 79, 78, '2016-03-02', 0),
(284, 75, 78, '2016-03-02', 1),
(285, 74, 78, '2016-03-02', 1),
(286, 69, 78, '2016-03-02', 1),
(287, 79, 1, '2016-03-02', 0),
(288, 77, 6, '2016-03-03', 1),
(289, 76, 6, '2016-03-03', 1),
(290, 75, 6, '2016-03-03', 1),
(291, 79, 33, '2016-03-05', 0),
(292, 78, 33, '2016-03-05', 0),
(293, 77, 33, '2016-03-05', 1),
(294, 76, 33, '2016-03-05', 1),
(295, 75, 33, '2016-03-05', 1),
(296, 74, 33, '2016-03-05', 1),
(297, 58, 33, '2016-03-05', 0),
(298, 46, 33, '2016-03-05', 1),
(299, 45, 33, '2016-03-05', 1),
(300, 44, 33, '2016-03-05', 0),
(301, 42, 33, '2016-03-05', 0),
(302, 80, 33, '2016-03-07', 1),
(303, 81, 1, '2016-03-07', 1),
(304, 80, 1, '2016-03-07', 1),
(306, 80, 78, '2016-03-08', 1),
(307, 80, 17, '2016-03-08', 1),
(308, 79, 17, '2016-03-08', 0),
(309, 81, 102, '2016-03-10', 1),
(310, 80, 102, '2016-03-10', 1),
(311, 77, 102, '2016-03-10', 1),
(312, 76, 102, '2016-03-10', 1),
(313, 68, 102, '2016-03-10', 1),
(314, 80, 9, '2016-03-12', 1),
(315, 62, 9, '2016-03-12', 1),
(316, 80, 2, '2016-03-12', 1),
(319, 82, 1, '2016-03-12', 1),
(320, 82, 2, '2016-03-12', 1),
(321, 79, 2, '2016-03-12', 0),
(322, 78, 2, '2016-03-12', 0),
(323, 77, 2, '2016-03-12', 0),
(324, 78, 7, '2016-03-14', 0),
(326, 79, 7, '2016-03-14', 0),
(327, 83, 1, '2016-03-15', 1),
(328, 83, 2, '2016-03-16', 1),
(329, 37, 2, '2016-03-16', 0),
(330, 81, 2, '2016-03-17', 1),
(331, 84, 2, '2016-03-23', 1),
(332, 84, 1, '2016-03-25', 1),
(333, 84, 77, '2016-03-25', 1),
(334, 81, 77, '2016-03-25', 1),
(335, 80, 77, '2016-03-25', 1),
(336, 79, 77, '2016-03-25', 0),
(337, 78, 77, '2016-03-25', 0),
(338, 76, 77, '2016-03-25', 0),
(339, 75, 77, '2016-03-25', 1),
(340, 77, 77, '2016-03-25', 0),
(341, 74, 77, '2016-03-25', 0),
(342, 69, 77, '2016-03-25', 1),
(343, 68, 77, '2016-03-25', 1),
(344, 62, 77, '2016-03-25', 1),
(345, 59, 77, '2016-03-25', 0),
(346, 58, 77, '2016-03-25', 0),
(347, 46, 77, '2016-03-25', 1),
(348, 45, 77, '2016-03-25', 1),
(349, 44, 77, '2016-03-25', 0),
(350, 42, 77, '2016-03-25', 0),
(351, 41, 77, '2016-03-25', 0),
(352, 40, 77, '2016-03-25', 0),
(353, 39, 77, '2016-03-25', 1),
(354, 36, 77, '2016-03-25', 0),
(355, 33, 77, '2016-03-25', 0),
(356, 37, 77, '2016-03-25', 0),
(357, 32, 77, '2016-03-25', 1),
(358, 31, 77, '2016-03-25', 0),
(359, 30, 77, '2016-03-25', 0),
(360, 29, 77, '2016-03-25', 0),
(361, 28, 77, '2016-03-25', 0),
(362, 27, 77, '2016-03-25', 0),
(363, 26, 77, '2016-03-25', 0),
(364, 25, 77, '2016-03-25', 1),
(365, 17, 77, '2016-03-25', 0),
(366, 16, 77, '2016-03-25', 0),
(367, 15, 77, '2016-03-25', 0),
(368, 14, 77, '2016-03-25', 0),
(369, 13, 77, '2016-03-25', 0),
(370, 12, 77, '2016-03-25', 0),
(371, 11, 77, '2016-03-25', 1),
(372, 83, 112, '2016-04-04', 0),
(373, 83, 78, '2016-04-23', 0),
(374, 86, 78, '2016-04-23', 0),
(375, 82, 6, '2016-04-24', 1),
(376, 80, 6, '2016-04-24', 1),
(377, 86, 2, '2016-04-27', 0),
(379, 85, 2, '2016-04-27', 0),
(381, 80, 83, '2016-05-08', 1),
(382, 77, 83, '2016-05-08', 0),
(383, 76, 83, '2016-05-08', 0),
(384, 7, 83, '2016-05-08', 0),
(386, 81, 84, '2016-05-15', 1),
(387, 86, 1, '2016-05-27', 0),
(388, 87, 1, '2016-05-27', 1),
(389, 87, 6, '2016-05-28', 1),
(390, 86, 6, '2016-05-28', 0),
(391, 87, 2, '2016-05-31', 1),
(392, 85, 1, '2016-05-31', 0),
(393, 81, 117, '2016-06-12', 1),
(394, 89, 1, '2016-06-14', 1),
(395, 88, 1, '2016-06-14', 1),
(396, 88, 33, '2016-06-14', 1),
(397, 87, 33, '2016-06-14', 1),
(398, 86, 33, '2016-06-14', 0),
(399, 89, 117, '2016-06-15', 1),
(400, 90, 4, '2016-06-15', 0),
(401, 86, 4, '2016-06-15', 0),
(402, 88, 4, '2016-06-15', 1),
(403, 89, 4, '2016-06-15', 1),
(404, 90, 1, '2016-06-16', 0),
(406, 90, 2, '2016-06-18', 0),
(407, 89, 2, '2016-06-18', 1),
(408, 88, 2, '2016-06-18', 1),
(409, 90, 33, '2016-06-19', 0),
(410, 91, 33, '2016-06-21', 1),
(411, 91, 1, '2016-06-22', 1),
(413, 90, 123, '2016-08-05', 0),
(414, 80, 123, '2016-08-05', 1),
(415, 94, 123, '2016-08-05', 0);

-- --------------------------------------------------------

--
-- Table structure for table `message`
--

CREATE TABLE IF NOT EXISTS `message` (
  `msg_id` int(200) NOT NULL AUTO_INCREMENT,
  `send_id` int(200) NOT NULL,
  `receive_id` int(200) NOT NULL,
  `message` text,
  `time` varchar(200) DEFAULT NULL,
  `seen` int(10) NOT NULL,
  `msg_date` varchar(40) NOT NULL,
  PRIMARY KEY (`msg_id`)
) ENGINE=InnoDB  DEFAULT CHARSET=utf8 AUTO_INCREMENT=650 ;

--
-- Dumping data for table `message`
--

INSERT INTO `message` (`msg_id`, `send_id`, `receive_id`, `message`, `time`, `seen`, `msg_date`) VALUES
(1, 2, 3, 'Hello', '13:32:05', 1, '2016-02-06'),
(2, 3, 2, 'Fuck', '13:39:19', 1, '2016-02-06'),
(3, 2, 3, 'Sme 2 U', '13:40:14', 1, '2016-02-06'),
(4, 4, 2, 'kaka k xa hau', '14:03:27', 1, '2016-02-06'),
(5, 2, 4, 'Thik xaa', '14:03:47', 1, '2016-02-06'),
(6, 1, 3, 'oe', '16:42:00', 1, '2016-02-06'),
(7, 1, 5, 'oh dai', '16:43:17', 1, '2016-02-06'),
(8, 3, 1, 'ah', '16:46:27', 1, '2016-02-06'),
(9, 5, 1, 'K xa ho', '16:47:23', 1, '2016-02-06'),
(10, 3, 2, 'hey', '16:48:26', 1, '2016-02-06'),
(11, 1, 5, 'tk xa yar dai', '16:48:52', 1, '2016-02-06'),
(12, 6, 7, 'its a test', '16:49:05', 1, '2016-02-06'),
(13, 1, 3, 'ka te users pugo van ta', '16:50:43', 1, '2016-02-06'),
(14, 1, 7, 'krjrijrtjr', '16:51:17', 1, '2016-02-06'),
(15, 9, 3, 'hey', '17:08:13', 1, '2016-02-06'),
(16, 3, 9, 'k xa yar', '17:08:45', 1, '2016-02-06'),
(17, 9, 3, 'sab thik a', '17:08:57', 1, '2016-02-06'),
(18, 9, 3, 'tero k xa', '17:09:06', 1, '2016-02-06'),
(19, 3, 9, 'ani sab lie id banau na van la', '17:09:12', 1, '2016-02-06'),
(20, 3, 9, 'aba yo ni use gar', '17:09:23', 1, '2016-02-06'),
(21, 3, 9, 'bindass', '17:09:35', 1, '2016-02-06'),
(22, 9, 3, 'taile k padhdai xas', '17:09:40', 1, '2016-02-06'),
(23, 3, 9, 'ma engineering', '17:10:38', 1, '2016-02-06'),
(24, 3, 9, 'computer science', '17:10:47', 1, '2016-02-06'),
(25, 3, 9, 'ani ta', '17:10:51', 1, '2016-02-06'),
(26, 9, 3, 'civil', '17:11:02', 1, '2016-02-06'),
(27, 3, 9, 'ani kasto xa ta site', '17:11:13', 1, '2016-02-06'),
(28, 9, 3, 'eh ani yo site banaes', '17:11:14', 1, '2016-02-06'),
(29, 3, 9, 'a a', '17:11:16', 1, '2016-02-06'),
(30, 3, 9, 'ah', '17:11:31', 1, '2016-02-06'),
(31, 3, 9, 'kasto xa', '17:11:38', 1, '2016-02-06'),
(32, 9, 3, 'thikai xa...nt bad', '17:12:35', 1, '2016-02-06'),
(33, 9, 3, 'ok ma gako', '17:12:40', 1, '2016-02-06'),
(34, 3, 9, 'lala tara use gara na gar n sathi haru lie van', '17:13:17', 1, '2016-02-06'),
(35, 9, 3, 'ok', '17:13:45', 1, '2016-02-06'),
(36, 3, 9, 'tq', '17:14:09', 1, '2016-02-06'),
(37, 3, 9, 'say  to everyone to use yar', '17:14:23', 1, '2016-02-06'),
(38, 3, 11, 'S', '18:11:47', 1, '2016-02-06'),
(39, 3, 11, 'Nw we cn c8here', '18:11:57', 1, '2016-02-06'),
(40, 11, 3, 'Ok..', '18:12:06', 1, '2016-02-06'),
(41, 3, 11, 'Bro say everyone to use it', '18:12:13', 1, '2016-02-06'),
(42, 3, 11, 'Sab lie id banuna van', '18:12:23', 1, '2016-02-06'),
(43, 3, 11, 'Ani Kasto xa ta', '18:12:32', 1, '2016-02-06'),
(44, 11, 3, 'Ok but it''s quite long process...', '18:12:59', 1, '2016-02-06'),
(45, 3, 2, 'Chalda xa majja lai', '18:13:05', 1, '2016-02-06'),
(46, 3, 11, 'Kasri', '18:13:20', 1, '2016-02-06'),
(47, 3, 11, 'K man para na', '18:13:40', 1, '2016-02-06'),
(48, 11, 3, 'I like it but it''s may be difficult to other...at first only', '18:13:57', 1, '2016-02-06'),
(49, 3, 11, 'Ah Ali Ali tesko lagi hami sochda xau', '18:14:20', 1, '2016-02-06'),
(50, 3, 11, 'Id banau na hoina', '18:14:28', 1, '2016-02-06'),
(51, 2, 3, 'Yea', '18:14:37', 1, '2016-02-06'),
(52, 11, 3, 'Yasko ceo ko ho re..', '18:14:40', 1, '2016-02-06'),
(53, 2, 3, 'Be Zay Naya user from tumkur :)', '18:14:58', 1, '2016-02-06'),
(54, 3, 11, 'Hami 4jana', '18:14:59', 1, '2016-02-06'),
(55, 11, 3, 'Tara apps vako vaye ramro hunthyo...', '18:15:08', 1, '2016-02-06'),
(56, 3, 2, 'Who', '18:15:24', 1, '2016-02-06'),
(57, 11, 3, 'Congrats all of u...', '18:15:33', 1, '2016-02-06'),
(58, 3, 11, 'Ah app ni banau na laga ko xau xitai auxa', '18:15:45', 1, '2016-02-06'),
(59, 3, 11, 'Voli ta sab sathi lie id banau na vanxas plz for me', '18:16:18', 1, '2016-02-06'),
(60, 11, 3, 'Aaye ramro hunthyo kinaki chat ko lagi koi pani long process use gardaina...', '18:17:02', 1, '2016-02-06'),
(61, 11, 3, 'So all of u must try for it...', '18:17:25', 1, '2016-02-06'),
(62, 3, 11, 'Ah tyo ho 3months aja', '18:17:33', 1, '2016-02-06'),
(63, 11, 3, 'Kto le garna chai garxa...', '18:19:21', 1, '2016-02-06'),
(64, 3, 11, 'K', '18:19:44', 1, '2016-02-06'),
(65, 3, 11, 'Bhujina', '18:19:49', 1, '2016-02-06'),
(66, 11, 3, 'Jst...eg research..', '18:20:57', 1, '2016-02-06'),
(67, 3, 11, 'Aja vakar release gara ko ho', '18:21:35', 1, '2016-02-06'),
(68, 11, 3, 'Good!', '18:23:41', 1, '2016-02-06'),
(69, 3, 11, 'Oe voli sab lie van n id banau la', '18:23:59', 1, '2016-02-06'),
(70, 11, 3, 'Voli ma busy hunxu..duty bata aayepaxi...', '18:24:40', 1, '2016-02-06'),
(71, 3, 11, 'Ani duty ma vako sathi haru lie van', '18:24:59', 1, '2016-02-06'),
(72, 11, 3, 'Mero comission kati aauxa...', '18:25:18', 1, '2016-02-06'),
(73, 3, 11, 'Ha-ha pagal vayes', '18:25:58', 1, '2016-02-06'),
(74, 3, 11, 'Hami k garda xau ra hami Nepali haru ko lagi ta gara ko n 4 u all', '18:26:29', 1, '2016-02-06'),
(75, 11, 3, 'Malai ni partnership ma rakh na...', '18:26:37', 1, '2016-02-06'),
(76, 3, 11, 'Hami thori business garda xau ra', '18:26:58', 1, '2016-02-06'),
(77, 11, 3, 'Ma yallai philippine samma puryauxu...', '18:27:19', 1, '2016-02-06'),
(78, 3, 11, 'Ah garna k plz', '18:27:45', 1, '2016-02-06'),
(79, 11, 3, 'Garxu voli..ma ahile ishak bro ko room ma xu...', '18:28:34', 1, '2016-02-06'),
(80, 3, 11, 'Ani ishak bro lie ni vana', '18:28:51', 1, '2016-02-06'),
(81, 11, 3, 'App ko lagi kati din tym lagxa ra...', '18:29:04', 1, '2016-02-06'),
(82, 3, 11, 'Isharfil bro lie ni aru lie ni', '18:29:12', 1, '2016-02-06'),
(83, 3, 11, '3 4mnth', '18:29:19', 1, '2016-02-06'),
(84, 11, 3, 'Add garera k garxa use ni garnu paro ni...', '18:29:56', 1, '2016-02-06'),
(85, 3, 11, 'Ah ki Tara aile id important xa hamro lagi so', '18:30:21', 1, '2016-02-06'),
(86, 3, 11, 'Use garna mancha haru lie vana', '18:30:41', 1, '2016-02-06'),
(87, 11, 3, 'Yasma call ko suvida xa ki xaina...', '18:32:03', 1, '2016-02-06'),
(88, 11, 3, 'Ki only chat', '18:32:09', 1, '2016-02-06'),
(89, 3, 11, 'Aile c8 matra', '18:32:56', 1, '2016-02-06'),
(90, 1, 3, 'oe', '02:55:29', 1, '2016-02-07'),
(91, 3, 1, 'Ah', '03:19:39', 1, '2016-02-07'),
(92, 2, 18, 'Hello dae', '03:48:09', 1, '2016-02-07'),
(93, 2, 17, 'Pradip..', '03:51:06', 1, '2016-02-07'),
(94, 4, 18, 'kaka', '03:55:37', 1, '2016-02-07'),
(95, 4, 18, 'kata ho', '03:55:40', 1, '2016-02-07'),
(96, 26, 4, 'Hi', '04:04:01', 1, '2016-02-07'),
(97, 4, 26, 'hajur kaka', '04:04:25', 1, '2016-02-07'),
(98, 4, 26, 'kaka kasto xa vannu na?', '04:04:46', 1, '2016-02-07'),
(99, 26, 4, 'Foto upload nai vayena tah', '04:05:27', 1, '2016-02-07'),
(100, 4, 26, 'hunxa kaka', '04:05:43', 1, '2016-02-07'),
(101, 4, 26, 'kaka k bata chalaudai ho tapaile?', '04:05:59', 1, '2016-02-07'),
(102, 26, 4, 'Video call hunxa ki nai', '04:06:06', 1, '2016-02-07'),
(103, 4, 26, 'kaka slowly sapai option add garnu parxa', '04:06:29', 1, '2016-02-07'),
(104, 26, 4, 'Apple iPad bta', '04:06:42', 1, '2016-02-07'),
(105, 4, 26, 'ahh kaka feri ekchoti try garnu na upload garna', '04:07:38', 1, '2016-02-07'),
(106, 4, 26, 'hunu parne ho', '04:08:39', 1, '2016-02-07'),
(107, 26, 4, '+ option auna click Garda vayena', '04:09:31', 1, '2016-02-07'),
(108, 4, 26, 'kaka pic select garda upload option aaunu parne ho', '04:10:04', 1, '2016-02-07'),
(109, 4, 26, 'pakhnu loh ma mero mobile ma try garxu', '04:10:19', 1, '2016-02-07'),
(110, 26, 4, 'Ok', '04:11:14', 1, '2016-02-07'),
(111, 4, 26, 'kaka kasto xa site', '04:11:59', 1, '2016-02-07'),
(112, 4, 26, 'aba sapai nepali li tapaile share garidinu parxa kaka', '04:12:21', 1, '2016-02-07'),
(113, 26, 4, 'La la', '04:13:09', 1, '2016-02-07'),
(114, 3, 27, 'Ah chikna van', '04:15:15', 1, '2016-02-07'),
(115, 3, 27, 'Dera thulo vayes ta', '04:15:58', 1, '2016-02-07'),
(116, 4, 26, 'kaka tapaile profile pic vannu vako ki post ko pic vannu vako', '04:16:50', 0, '2016-02-07'),
(117, 27, 3, 'hehe', '04:17:14', 1, '2016-02-07'),
(118, 27, 3, 'k xa vaejan tro halkabar suna', '04:17:23', 1, '2016-02-07'),
(119, 3, 27, 'Sab tik', '04:17:39', 1, '2016-02-07'),
(120, 3, 27, 'Tero van', '04:17:43', 1, '2016-02-07'),
(121, 3, 27, 'Chikna aile starting ho Ali Ali prblm auxa ni', '04:18:00', 1, '2016-02-07'),
(122, 3, 27, 'Chikna sathi haru lie ni van id banauna', '04:18:32', 1, '2016-02-07'),
(123, 27, 3, 'yup man nt to wry', '04:18:35', 1, '2016-02-07'),
(124, 27, 3, 'failure is success dude', '04:18:44', 1, '2016-02-07'),
(125, 27, 3, 'u can do i know', '04:18:59', 1, '2016-02-07'),
(126, 3, 27, 'Ah', '04:19:00', 1, '2016-02-07'),
(127, 3, 27, 'Tai ta', '04:19:07', 1, '2016-02-07'),
(128, 3, 27, 'Say to ur frnds to use it bro', '04:19:31', 1, '2016-02-07'),
(129, 27, 3, 'ok bro', '04:19:46', 1, '2016-02-07'),
(130, 27, 3, 'i will try', '04:19:59', 1, '2016-02-07'),
(131, 3, 27, 'Ani chikna profile pik ta hal', '04:20:09', 1, '2016-02-07'),
(132, 3, 27, 'Nt only try u must', '04:20:25', 1, '2016-02-07'),
(133, 27, 3, 'm ta jasto hansy xaen yrr k pp halnu', '04:21:01', 1, '2016-02-07'),
(134, 3, 27, 'Tai ta vana sala yo site kaile use garda ra pik halnu', '04:21:40', 1, '2016-02-07'),
(135, 3, 27, 'Not ma pik hala ra k pauxa hai', '04:22:01', 1, '2016-02-07'),
(136, 27, 3, 'hehe', '04:24:24', 1, '2016-02-07'),
(137, 27, 3, 'aru suna yo sap xor', '04:24:33', 1, '2016-02-07'),
(138, 27, 3, 'n tro lagi m j ne grxu dnt wry', '04:24:49', 1, '2016-02-07'),
(139, 27, 3, 'aru suna', '04:25:48', 1, '2016-02-07'),
(140, 3, 27, 'Sab bindas xa', '04:27:51', 1, '2016-02-07'),
(141, 27, 3, 'vanepaxi apa ta ne zur. bur, banevaes', '04:28:21', 1, '2016-02-07'),
(142, 27, 3, 'faceboo2', '04:28:31', 1, '2016-02-07'),
(143, 3, 27, 'Hat chikna', '04:28:55', 1, '2016-02-07'),
(144, 3, 27, 'Ani Kasto xa ta', '04:29:35', 1, '2016-02-07'),
(145, 27, 3, 'katra xa katra', '04:29:59', 1, '2016-02-07'),
(146, 3, 27, 'Guf', '04:30:16', 1, '2016-02-07'),
(147, 27, 3, 'ahela deki nai male hat re vanepaxi malae hrna vaens taela paxi', '04:30:27', 1, '2016-02-07'),
(148, 3, 27, 'Ani laptop bta use garda xas hoina', '04:30:37', 1, '2016-02-07'),
(149, 3, 27, 'K vanes', '04:31:16', 1, '2016-02-07'),
(150, 27, 3, 'yup dude laptop nai ho', '04:31:33', 1, '2016-02-07'),
(151, 3, 27, 'Ta YouTube ko video share ni garna pauxas', '04:31:58', 1, '2016-02-07'),
(152, 27, 3, 'okkk', '04:32:19', 1, '2016-02-07'),
(153, 27, 3, 'https://www.youtube.com/watch?v=LaIawvo_z0E', '04:32:31', 1, '2016-02-07'),
(154, 27, 3, 'https://www.youtube.com/watch?v=LaIawvo_z0E', '04:32:37', 1, '2016-02-07'),
(155, 3, 27, 'Mathi ma YouTube ko video ko ki hal ani auxa', '04:32:50', 1, '2016-02-07'),
(156, 3, 27, 'Entairment ma kta', '04:33:08', 1, '2016-02-07'),
(157, 27, 3, 'sale yako yutube ma add hrnae parxa so lng', '04:35:54', 1, '2016-02-07'),
(158, 3, 30, 'K xa', '04:36:39', 1, '2016-02-07'),
(159, 3, 27, 'Testo hoina chikna taha share xa ni', '04:37:29', 1, '2016-02-07'),
(160, 27, 3, 'haen kya usa ma vaneko kya', '04:39:14', 1, '2016-02-07'),
(161, 27, 3, 'skip grna mildaen deraema', '04:39:25', 1, '2016-02-07'),
(162, 3, 27, 'Video ko name', '04:40:02', 1, '2016-02-07'),
(163, 3, 27, 'Ani video ko link hal', '04:40:11', 1, '2016-02-07'),
(164, 3, 27, 'Ani share gardai', '04:40:21', 1, '2016-02-07'),
(165, 27, 3, 'k re', '04:40:22', 1, '2016-02-07'),
(166, 30, 3, 'Ok', '04:40:58', 1, '2016-02-07'),
(167, 3, 27, 'Entertainment ma ja', '04:41:11', 1, '2016-02-07'),
(168, 3, 27, 'Ani share video xa', '04:41:24', 1, '2016-02-07'),
(169, 27, 3, 'sale buji tyo tara ahela akix ma grumla', '04:41:36', 1, '2016-02-07'),
(170, 30, 3, 'Halo', '04:41:44', 1, '2016-02-07'),
(171, 27, 3, 'kta user xaen haen yo site ma', '04:41:58', 1, '2016-02-07'),
(172, 27, 3, 'kt*', '04:42:05', 1, '2016-02-07'),
(173, 27, 3, 'girlas', '04:42:12', 1, '2016-02-07'),
(174, 27, 3, 'girls', '04:42:17', 1, '2016-02-07'),
(175, 3, 27, 'Aile ta xaina', '04:42:45', 0, '2016-02-07'),
(176, 3, 30, 'Ani k xa ta', '04:43:08', 1, '2016-02-07'),
(177, 3, 27, 'Oe mugi', '04:43:19', 0, '2016-02-07'),
(178, 3, 27, 'Video title ma name lak video ko', '04:43:35', 0, '2016-02-07'),
(179, 30, 3, 'Thik xa', '04:43:37', 1, '2016-02-07'),
(180, 30, 3, 'Yas ma k faida xa', '04:43:57', 1, '2016-02-07'),
(181, 3, 30, 'K xa ma ra mero sathi lai bana ko yo', '04:44:18', 1, '2016-02-07'),
(182, 2, 1, 'Oe milan', '05:52:50', 1, '2016-02-07'),
(183, 2, 4, 'Vatij..', '05:53:17', 1, '2016-02-07'),
(184, 1, 2, 'hu', '05:57:24', 1, '2016-02-07'),
(185, 2, 1, 'Net jodeu', '05:59:50', 1, '2016-02-07'),
(186, 1, 2, 'yup', '06:00:13', 1, '2016-02-07'),
(187, 1, 3, 'oe mug tali k vana ko tea maila', '06:00:25', 1, '2016-02-07'),
(188, 1, 3, 'entertmain block ma ramro trailer hal vanako (new trailer )', '06:00:55', 1, '2016-02-07'),
(189, 1, 3, 'are dusman prank block tha jan kale xa', '06:01:12', 1, '2016-02-07'),
(190, 2, 1, 'aba k garney', '06:01:35', 1, '2016-02-07'),
(191, 1, 2, 'publicity garna', '06:01:55', 1, '2016-02-07'),
(192, 1, 2, 'ane barai tshirt ko lage janu parxa', '06:02:07', 1, '2016-02-07'),
(193, 1, 2, 'na vole aaunu ne', '06:02:21', 1, '2016-02-07'),
(194, 2, 1, 'Bujina', '06:04:08', 1, '2016-02-07'),
(195, 1, 2, 'vest print garna jana hoina vanako', '06:04:48', 1, '2016-02-07'),
(196, 2, 1, 'milan desktop mah chat msg ko notification aako chaina tah', '06:08:14', 1, '2016-02-07'),
(197, 2, 1, 'milan...', '06:12:51', 1, '2016-02-07'),
(198, 2, 1, 'no notification in desktop', '06:13:07', 1, '2016-02-07'),
(199, 1, 2, 'haw kaka', '06:14:30', 1, '2016-02-07'),
(200, 1, 2, 'he is bg in phone with parents', '06:14:40', 1, '2016-02-07'),
(201, 1, 2, 'wait 5 minute kaka', '06:15:13', 1, '2016-02-07'),
(202, 2, 1, 'okay', '06:15:54', 1, '2016-02-07'),
(203, 2, 1, 'desktop mah chat ko notification aakoh chaina vanedu', '06:16:11', 1, '2016-02-07'),
(204, 1, 36, 'oh kho kgardai ho', '06:21:13', 1, '2016-02-07'),
(205, 4, 2, 'hajur kaka vannu', '06:21:23', 1, '2016-02-07'),
(206, 1, 2, 'k vo hare', '06:21:49', 1, '2016-02-07'),
(207, 2, 1, 'feri vayexa :P', '06:23:33', 1, '2016-02-07'),
(208, 2, 4, 'khana khaayeu ?? :)', '06:24:02', 1, '2016-02-07'),
(209, 4, 2, 'xaina kaka agi special roti khako', '06:25:38', 1, '2016-02-07'),
(210, 4, 2, 'aba varai khana khane', '06:25:53', 1, '2016-02-07'),
(211, 2, 4, 'okay', '06:26:03', 1, '2016-02-07'),
(212, 2, 4, 'Desktop bata chalaudae ho?', '06:26:24', 1, '2016-02-07'),
(213, 4, 2, 'ani tapaile tehi gayera khana khane ki deliverykaka', '06:26:32', 1, '2016-02-07'),
(214, 4, 2, 'yes kaka', '06:26:41', 1, '2016-02-07'),
(215, 4, 2, 'ani tapai lae k bata ho kaka?', '06:26:58', 1, '2016-02-07'),
(216, 1, 2, 'emo ko code haru publish gardu ta', '06:28:18', 1, '2016-02-07'),
(217, 2, 4, 'tehi gayera khaney ho', '06:29:02', 1, '2016-02-07'),
(218, 2, 4, 'mah pani desktop nae ho', '06:29:20', 1, '2016-02-07'),
(219, 4, 2, 'ok kaka hijo ko khana sabji sachi nai babaal thiyo kaka', '06:31:27', 1, '2016-02-07'),
(220, 4, 2, 'damiz dido raixa kaka', '06:31:38', 1, '2016-02-07'),
(221, 2, 4, 'hahaha... horah..', '06:32:30', 1, '2016-02-07'),
(222, 2, 4, ':P', '06:32:37', 1, '2016-02-07'),
(223, 4, 2, 'ys kaka', '06:35:59', 1, '2016-02-07'),
(224, 2, 4, ':)', '06:36:21', 1, '2016-02-07'),
(225, 2, 1, 'kasari publish garney', '06:36:36', 1, '2016-02-07'),
(226, 1, 2, 'la la ma gardin xu', '06:38:14', 1, '2016-02-07'),
(227, 2, 1, 'Kaha garchau', '06:42:15', 1, '2016-02-07'),
(228, 1, 2, 'k chai', '06:50:19', 1, '2016-02-07'),
(229, 1, 2, 'oe kt haru ko ta koi xaina ta yar', '06:50:37', 1, '2016-02-07'),
(230, 1, 18, 'oh hello dai', '06:50:49', 1, '2016-02-07'),
(231, 2, 1, 'tei tah :D', '06:52:04', 1, '2016-02-07'),
(232, 1, 2, 'ka garna ho ft haru ko lage', '07:04:56', 1, '2016-02-07'),
(233, 1, 2, '*ta', '07:05:01', 1, '2016-02-07'),
(234, 2, 1, 'Khoe :D', '07:08:41', 1, '2016-02-07'),
(235, 1, 2, 'oe timro name 30 character vanta lamo raka ta 2 min ko lage', '07:11:27', 1, '2016-02-07'),
(236, 1, 2, 'fast', '07:11:29', 1, '2016-02-07'),
(237, 2, 1, 'wait', '07:17:49', 1, '2016-02-07'),
(238, 2, 1, 'milan check it', '07:18:50', 1, '2016-02-07'),
(239, 1, 2, 'oe mobile ko comment new page ma kolene banu na', '07:51:08', 1, '2016-02-07'),
(240, 18, 4, 'bhatij ma yalanka tira theyae.....aailai aaye pugae room ma', '08:20:55', 1, '2016-02-07'),
(241, 18, 4, 'aani yo kasto khalko software ho k', '08:21:04', 1, '2016-02-07'),
(242, 18, 2, 'yap bhai........', '08:21:20', 1, '2016-02-07'),
(243, 18, 2, 'yesma constant lagnu parchha......', '08:21:34', 1, '2016-02-07'),
(244, 18, 2, 'tara yo kasto khalko system ho', '08:21:44', 1, '2016-02-07'),
(245, 18, 1, 'yes bhai.....', '08:21:54', 1, '2016-02-07'),
(246, 18, 1, 'k gerdai ho', '08:22:11', 1, '2016-02-07'),
(247, 1, 18, 'just time pass dai', '08:24:08', 1, '2016-02-07'),
(248, 1, 18, 'profile pic upload garnu na hu', '08:24:19', 1, '2016-02-07'),
(249, 18, 1, 'humm........ma chalauna sikdai chhu', '08:25:16', 1, '2016-02-07'),
(250, 1, 18, 'la la dai', '08:26:41', 1, '2016-02-07'),
(251, 1, 18, 'sab lai vane dinu hai', '08:26:53', 1, '2016-02-07'),
(252, 18, 1, 'aani kta haru k gardai chan ni', '08:27:06', 1, '2016-02-07'),
(253, 18, 1, 'yo software ko name chhai aalik change garako bhayae huntheo hola.......outnative ko aartha k ho', '08:28:00', 1, '2016-02-07'),
(254, 2, 1, 'Okay', '08:36:01', 1, '2016-02-07'),
(255, 2, 18, 'K chae dae?', '08:36:40', 0, '2016-02-07'),
(256, 2, 18, 'Constant?', '08:38:03', 0, '2016-02-07'),
(257, 17, 2, 'Yes', '09:11:20', 1, '2016-02-07'),
(258, 1, 49, 'oe de', '10:43:28', 1, '2016-02-07'),
(259, 1, 49, 'kgardai xes', '10:43:33', 1, '2016-02-07'),
(260, 1, 49, 'oe de call gar ta', '10:48:08', 1, '2016-02-07'),
(261, 1, 18, 'dai outnative=outside the native means(outside home):P', '10:52:40', 0, '2016-02-07'),
(262, 49, 1, 'poip', '10:53:38', 1, '2016-02-07'),
(263, 49, 1, 'oi milon', '10:53:54', 1, '2016-02-07'),
(264, 1, 49, 'hoi', '10:55:03', 1, '2016-02-07'),
(265, 1, 49, 'vayo', '10:55:06', 1, '2016-02-07'),
(266, 1, 3, 'oeoeo', '10:56:02', 1, '2016-02-07'),
(267, 49, 1, 'agge vako theyena poera mini bata chalai rako raixu', '10:57:02', 1, '2016-02-07'),
(268, 49, 1, 'aheley chai browse. bata chalako vai rako xa', '10:57:23', 1, '2016-02-07'),
(269, 1, 2, 'oe', '10:59:15', 1, '2016-02-07'),
(270, 1, 49, 'la la :)', '11:02:38', 1, '2016-02-07'),
(271, 2, 1, 'hy', '11:02:55', 1, '2016-02-07'),
(272, 49, 1, 'oi pic kasari halnxu vanta', '11:03:31', 1, '2016-02-07'),
(273, 49, 1, ':)', '11:03:42', 1, '2016-02-07'),
(274, 49, 1, ':*', '11:04:25', 1, '2016-02-07'),
(275, 49, 1, 'helo', '11:04:34', 1, '2016-02-07'),
(276, 3, 2, 'Ha', '11:05:31', 1, '2016-02-07'),
(277, 2, 1, 'milan hera vayoo', '11:08:51', 1, '2016-02-07'),
(278, 1, 49, 'ka ta', '11:08:57', 1, '2016-02-07'),
(279, 1, 2, 'vayo', '11:09:16', 1, '2016-02-07'),
(280, 1, 2, 'tara load huna pane banu nu parxa', '11:09:32', 1, '2016-02-07'),
(281, 1, 2, 'paxe', '11:09:37', 1, '2016-02-07'),
(282, 1, 49, 'ane global post select gares vane sab la herna pauxa tero post ane friend gares vane tero followers ane following garna matra herna pauxa', '11:10:52', 1, '2016-02-07'),
(283, 1, 49, 'aila ta post na gar na', '11:11:38', 1, '2016-02-07'),
(284, 1, 49, 'image pane upload na gar', '11:11:45', 1, '2016-02-07'),
(285, 1, 49, 'buges', '11:11:47', 1, '2016-02-07'),
(286, 1, 49, 'paila aru female users la garun ane taila aaila na gar hai', '11:12:25', 1, '2016-02-07'),
(287, 1, 49, 'ane jo paya teslai follow na garnu', '11:14:35', 1, '2016-02-07'),
(288, 1, 2, ':-O', '11:44:33', 1, '2016-02-07'),
(289, 1, 2, '8-)', '11:44:45', 1, '2016-02-07'),
(290, 1, 2, '):(', '11:57:59', 1, '2016-02-07'),
(291, 1, 2, ':S:', '11:58:35', 1, '2016-02-07'),
(292, 2, 1, 'Okay', '12:08:03', 1, '2016-02-07'),
(293, 1, 2, ':-/', '12:12:59', 1, '2016-02-07'),
(294, 4, 18, 'social networking site ho kaka', '12:14:02', 0, '2016-02-07'),
(295, 1, 2, ':-(', '12:18:19', 1, '2016-02-07'),
(296, 1, 46, 'oe kola', '13:53:11', 1, '2016-02-07'),
(297, 46, 1, 'Huh', '14:29:54', 1, '2016-02-07'),
(298, 1, 46, 'k ho bhola sharma', '14:30:22', 1, '2016-02-07'),
(299, 2, 54, 'Hey dude', '14:43:18', 1, '2016-02-07'),
(300, 2, 54, 'Bro**', '14:43:30', 1, '2016-02-07'),
(301, 54, 2, 'hey', '14:44:20', 1, '2016-02-07'),
(302, 2, 54, 'How did ya know about this?', '14:44:59', 1, '2016-02-07'),
(303, 54, 2, 'reasn told', '14:45:07', 1, '2016-02-07'),
(304, 54, 2, 'how to put photo', '14:45:13', 1, '2016-02-07'),
(305, 2, 54, 'Go to your profile', '14:46:03', 1, '2016-02-07'),
(306, 2, 54, 'Theres an option', '14:46:18', 1, '2016-02-07'),
(307, 2, 54, 'Are u on desktop?', '14:46:37', 1, '2016-02-07'),
(308, 54, 2, 'ok', '14:47:50', 1, '2016-02-07'),
(309, 54, 2, 'yes', '14:47:51', 1, '2016-02-07'),
(310, 2, 54, 'Okay', '14:48:15', 1, '2016-02-07'),
(311, 54, 2, 'how much u spend to build this website  bro ?', '14:48:15', 1, '2016-02-07'),
(312, 54, 2, 'helo', '14:51:08', 1, '2016-02-07'),
(313, 2, 54, '50k', '14:51:25', 1, '2016-02-07'),
(314, 54, 2, 'how a bout copyright', '14:51:59', 1, '2016-02-07'),
(315, 54, 2, '....', '14:53:03', 1, '2016-02-07'),
(316, 2, 54, 'We spent 50 k on servers, everything else is secret.... Cant let it out', '14:53:48', 1, '2016-02-07'),
(317, 2, 54, ':p', '14:54:33', 1, '2016-02-07'),
(318, 54, 2, 'bro i will send hacker, dont worryu :)', '14:55:24', 1, '2016-02-07'),
(319, 2, 54, 'Ya sure', '14:56:36', 1, '2016-02-07'),
(320, 2, 54, 'U didnt upload ur pic, btw?', '14:57:04', 1, '2016-02-07'),
(321, 54, 2, 'done', '14:58:39', 1, '2016-02-07'),
(322, 2, 54, 'Okay, enjoy', '14:59:12', 1, '2016-02-07'),
(323, 2, 54, 'Is reason bro with u?', '15:00:05', 1, '2016-02-07'),
(324, 1, 55, 'ane dai', '15:11:42', 1, '2016-02-07'),
(325, 55, 1, ':p', '15:16:15', 1, '2016-02-07'),
(326, 1, 55, ':P', '15:21:36', 1, '2016-02-07'),
(327, 1, 55, 'caps p dai :)', '15:21:58', 1, '2016-02-07'),
(328, 55, 1, 'haha :D', '15:29:43', 1, '2016-02-07'),
(329, 49, 1, 'Okey', '16:48:09', 1, '2016-02-07'),
(330, 49, 1, 'Hunsa', '16:48:15', 1, '2016-02-07'),
(331, 49, 1, 'Khana khais huh', '16:48:23', 1, '2016-02-07'),
(332, 1, 49, 'kaya', '17:02:29', 1, '2016-02-07'),
(333, 49, 1, 'K gardai xas huh', '17:23:29', 1, '2016-02-07'),
(334, 61, 49, 'Hey', '04:08:36', 1, '2016-02-08'),
(335, 61, 49, 'Whats up', '04:08:43', 1, '2016-02-08'),
(336, 51, 49, 'oe', '05:11:12', 1, '2016-02-08'),
(337, 51, 49, 'maiya', '05:11:19', 1, '2016-02-08'),
(338, 49, 51, 'Yes kaliya huh', '05:11:39', 1, '2016-02-08'),
(339, 49, 51, 'K xa khabar huh', '05:11:53', 1, '2016-02-08'),
(340, 49, 61, 'Helo', '05:12:19', 1, '2016-02-08'),
(341, 49, 61, 'How r u??', '05:12:33', 1, '2016-02-08'),
(342, 51, 49, 'thikai xa', '05:12:34', 1, '2016-02-08'),
(343, 51, 49, 'pic upload garyo ta maile', '05:12:53', 1, '2016-02-08'),
(344, 49, 51, 'Pic dami xa kaliya', '05:13:03', 1, '2016-02-08'),
(345, 49, 51, 'Heheheheheh', '05:13:09', 1, '2016-02-08'),
(346, 49, 51, 'Hero', '05:13:15', 1, '2016-02-08'),
(347, 51, 49, 'ahha', '05:14:03', 1, '2016-02-08'),
(348, 49, 51, 'Kaliya khana pakyo', '05:15:52', 1, '2016-02-08'),
(349, 51, 49, 'pakdai xa', '05:17:01', 1, '2016-02-08'),
(350, 51, 49, 'pic upload gara na', '05:17:16', 1, '2016-02-08'),
(351, 51, 49, 'kei hunna', '05:17:23', 1, '2016-02-08'),
(352, 49, 51, 'Garey ta', '05:18:25', 1, '2016-02-08'),
(353, 49, 51, 'Bt dekhau daina', '05:18:32', 1, '2016-02-08'),
(354, 49, 51, 'Kasari garum ayena timley kasari gareko vanata', '05:18:48', 1, '2016-02-08'),
(355, 51, 49, 'xoda nagara', '05:20:11', 1, '2016-02-08'),
(356, 49, 51, 'Kina huh', '05:20:23', 1, '2016-02-08'),
(357, 49, 51, ':)', '05:20:44', 1, '2016-02-08'),
(358, 51, 49, 'yatikae', '05:20:45', 1, '2016-02-08'),
(359, 51, 49, ':)', '05:20:54', 1, '2016-02-08'),
(360, 49, 51, ':*', '05:20:55', 1, '2016-02-08'),
(361, 51, 49, 'oe timro vai le msg herna sakxan hoe ramro sanga heehe', '05:21:25', 1, '2016-02-08'),
(362, 49, 51, ':-)', '05:21:35', 1, '2016-02-08'),
(363, 51, 49, 'k vo', '05:21:41', 1, '2016-02-08'),
(364, 51, 49, 'kali', '05:21:47', 1, '2016-02-08'),
(365, 49, 51, 'Sakdaina', '05:21:59', 1, '2016-02-08'),
(366, 51, 49, 'kasari', '05:22:39', 1, '2016-02-08'),
(367, 51, 49, 'viber ma aaau', '05:23:32', 1, '2016-02-08'),
(368, 4, 52, 'hello', '08:43:41', 0, '2016-02-08'),
(369, 4, 52, 'k gardai xau?', '08:43:51', 0, '2016-02-08'),
(370, 4, 3, 'randi ko ban', '08:44:16', 1, '2016-02-08'),
(371, 4, 3, 'salman khan ko vai sindbaj khan', '08:44:33', 1, '2016-02-08'),
(372, 4, 3, 'dabang ko sato chito chito hann', '08:44:53', 1, '2016-02-08'),
(373, 4, 3, 'feri randi ko ban', '08:44:59', 1, '2016-02-08'),
(374, 4, 1, 'bengali kti randi', '08:45:15', 1, '2016-02-08'),
(375, 1, 54, 'oh solte', '14:49:22', 0, '2016-02-08'),
(376, 1, 62, 'hello', '14:49:28', 1, '2016-02-08'),
(377, 3, 36, 'Tq frbd', '15:09:47', 0, '2016-02-08'),
(378, 3, 36, 'Frbd', '15:09:53', 0, '2016-02-08'),
(379, 3, 36, 'Frnd', '15:09:59', 0, '2016-02-08'),
(380, 3, 1, 'ladooo', '15:27:56', 1, '2016-02-08'),
(381, 1, 3, 'k putti :D', '15:35:29', 1, '2016-02-08'),
(382, 1, 3, ':P', '15:35:39', 1, '2016-02-08'),
(383, 46, 1, 'Huh saila sutnum huh abo ta..raat nikkai chaippyo', '18:56:03', 1, '2016-02-08'),
(384, 1, 46, ':P', '19:34:58', 1, '2016-02-08'),
(385, 4, 1, 'oe mero tauko dukhdai xa yarr', '02:49:03', 1, '2016-02-09'),
(386, 4, 1, 'clz jane ki najane', '02:49:12', 1, '2016-02-09'),
(387, 1, 4, 'jana ho  muge', '02:56:42', 1, '2016-02-09'),
(388, 4, 1, 'loh loh jatha', '03:01:36', 1, '2016-02-09'),
(389, 1, 2, 'ok man vato', '03:17:33', 1, '2016-02-09'),
(390, 1, 2, '*vayo', '03:17:39', 1, '2016-02-09'),
(391, 1, 2, 'clz jana hone haina', '03:17:46', 1, '2016-02-09'),
(392, 61, 49, 'I m fine', '09:06:18', 1, '2016-02-09'),
(393, 61, 49, 'And u', '09:06:27', 1, '2016-02-09'),
(394, 61, 49, 'Isnt this apps bit boaring', '09:06:42', 1, '2016-02-09'),
(395, 61, 49, 'Haha', '09:06:47', 1, '2016-02-09'),
(396, 49, 51, 'Umm hunsa', '03:05:06', 1, '2016-02-10'),
(397, 49, 61, 'Lil', '03:06:28', 0, '2016-02-10'),
(398, 49, 61, 'First attempt :)', '03:06:52', 0, '2016-02-10'),
(399, 49, 61, 'Vai ley garya ni', '03:07:11', 0, '2016-02-10'),
(400, 62, 1, 'hlooo', '08:00:54', 1, '2016-02-10'),
(401, 62, 1, 'kata bata ho ??', '08:01:13', 1, '2016-02-10'),
(402, 1, 62, 'k hunu xa hu', '08:05:16', 1, '2016-02-10'),
(403, 1, 62, 'chinna garo vo ta', '08:05:24', 1, '2016-02-10'),
(404, 1, 62, '8-)', '08:06:10', 1, '2016-02-10'),
(405, 62, 1, 'chin jan xina bhako xina hola aaile samma', '08:18:48', 1, '2016-02-10'),
(406, 62, 1, 'ma basanta,, rajivgandhi clz ,,, hebbal bata,', '08:18:59', 1, '2016-02-10'),
(407, 1, 62, 'oo :)', '08:19:58', 1, '2016-02-10'),
(408, 62, 1, ':v :v :v', '08:45:10', 1, '2016-02-10'),
(409, 2, 1, 'hello', '17:14:28', 1, '2016-02-10'),
(410, 36, 1, 'hye', '19:36:28', 1, '2016-02-11'),
(411, 36, 1, 'hey', '19:36:37', 1, '2016-02-11'),
(412, 36, 1, 'jokey', '19:36:49', 1, '2016-02-11'),
(413, 1, 77, 'oe  k xa khaber', '03:15:57', 1, '2016-02-12'),
(414, 77, 1, 'sab tk xa', '03:16:10', 1, '2016-02-12'),
(415, 9, 3, 'hlw', '10:26:14', 1, '2016-02-13'),
(416, 9, 17, 'Hlw', '10:44:10', 0, '2016-02-13'),
(417, 9, 33, 'hlw', '10:44:30', 1, '2016-02-13'),
(418, 9, 62, 'hlw', '10:44:34', 1, '2016-02-13'),
(419, 9, 66, 'hlw', '10:44:37', 0, '2016-02-13'),
(420, 5, 2, 'Hejo ko pic khoi', '11:01:46', 1, '2016-02-13'),
(421, 1, 81, 'hu k xa hu', '14:09:51', 1, '2016-02-13'),
(422, 83, 4, 'hy', '14:27:51', 1, '2016-02-13'),
(423, 4, 83, 'hajur dai', '14:39:55', 1, '2016-02-13'),
(424, 4, 83, 'mero vai', '14:40:07', 1, '2016-02-13'),
(425, 4, 83, 'k gardai xau ?', '14:40:17', 1, '2016-02-13'),
(426, 4, 83, 'khana khayou', '14:40:21', 1, '2016-02-13'),
(427, 4, 83, 'mero result aako tha payou', '14:40:31', 1, '2016-02-13'),
(428, 1, 2, 'hu k gardai new :)', '14:48:01', 1, '2016-02-13'),
(429, 84, 9, 'hello', '18:21:51', 1, '2016-02-13'),
(430, 84, 9, 'hari ji', '18:22:00', 1, '2016-02-13'),
(431, 9, 84, 'Oh man', '18:22:14', 1, '2016-02-13'),
(432, 9, 84, 'Fast raixa', '18:22:17', 1, '2016-02-13'),
(433, 84, 9, 'haii]', '18:22:25', 1, '2016-02-13'),
(434, 84, 9, 'a;lskdfj;lsadkjf', '18:22:32', 1, '2016-02-13'),
(435, 84, 9, ';alkdsjf;laksjdf', '18:22:33', 1, '2016-02-13'),
(436, 84, 9, ';alksdjf;alkjsdf', '18:22:35', 1, '2016-02-13'),
(437, 9, 84, 'asdfas', '18:23:04', 1, '2016-02-13'),
(438, 9, 84, 'Message mathi mathi hernu parne raixa', '18:23:23', 1, '2016-02-13'),
(439, 84, 9, 'alik', '18:23:41', 1, '2016-02-13'),
(440, 84, 9, 'dherai', '18:23:43', 1, '2016-02-13'),
(441, 84, 9, 'messzge', '18:23:45', 1, '2016-02-13'),
(442, 84, 9, 'gareko', '18:23:48', 1, '2016-02-13'),
(443, 84, 9, 'yo', '18:23:49', 1, '2016-02-13'),
(444, 84, 9, 'site', '18:23:50', 1, '2016-02-13'),
(445, 84, 9, 'hack', '18:23:52', 1, '2016-02-13'),
(446, 84, 9, 'hunxa', '18:23:55', 1, '2016-02-13'),
(447, 84, 9, 'aba', '18:23:57', 1, '2016-02-13'),
(448, 84, 9, 'chhitai', '18:24:00', 1, '2016-02-13'),
(449, 84, 9, 'naresh', '18:24:02', 1, '2016-02-13'),
(450, 84, 9, 'babu', '18:24:03', 1, '2016-02-13'),
(451, 84, 9, 'kata', '18:24:04', 1, '2016-02-13'),
(452, 84, 9, 'chhau', '18:24:06', 1, '2016-02-13'),
(453, 84, 9, 'timi', '18:24:07', 1, '2016-02-13'),
(454, 84, 9, 'chhito', '18:24:09', 1, '2016-02-13'),
(455, 84, 9, 'yaha', '18:24:10', 1, '2016-02-13'),
(456, 84, 9, 'aau', '18:24:11', 1, '2016-02-13'),
(457, 84, 9, 'yo', '18:24:13', 1, '2016-02-13'),
(458, 84, 9, 'site', '18:24:15', 1, '2016-02-13'),
(459, 84, 9, 'hack', '18:24:16', 1, '2016-02-13'),
(460, 84, 9, 'garna', '18:24:18', 1, '2016-02-13'),
(461, 84, 9, 'lai', '18:24:19', 1, '2016-02-13'),
(462, 9, 84, 'lau ta aba k garne ta', '18:24:54', 1, '2016-02-13'),
(463, 9, 84, 'natra', '18:24:57', 1, '2016-02-13'),
(464, 84, 9, 'view source garana', '18:25:50', 1, '2016-02-13'),
(465, 84, 9, 'kyaa simple code dekhinchha', '18:26:03', 1, '2016-02-13'),
(466, 9, 84, 'gareko bro', '18:26:29', 1, '2016-02-13'),
(467, 9, 84, 'all byaesake', '18:26:33', 1, '2016-02-13'),
(468, 1, 2, 'hu man wats up', '14:20:42', 1, '2016-02-14'),
(469, 83, 4, 'hy', '14:34:18', 1, '2016-02-14'),
(470, 83, 4, 'tapai ko reasult ka hunu vo ni', '14:35:01', 1, '2016-02-14'),
(471, 5, 1, 'O milan..', '14:59:17', 1, '2016-02-14'),
(472, 5, 1, 'Kata haru lai pic snd garna vana na ho', '14:59:32', 1, '2016-02-14'),
(473, 5, 1, 'Tmro gmail ma vay ne', '14:59:42', 1, '2016-02-14'),
(474, 2, 1, 'Im good', '16:48:26', 1, '2016-02-14'),
(475, 1, 2, 'ane video send garna', '16:49:35', 1, '2016-02-14'),
(476, 1, 2, 'hamro dancer ko', '16:49:50', 1, '2016-02-14'),
(477, 1, 2, 'ane or site hack vako ta xaina ne hoina', '16:50:09', 1, '2016-02-14'),
(478, 2, 1, 'Kina hack vaye jastoh lagyoo rah?', '16:50:35', 1, '2016-02-14'),
(479, 2, 1, 'Video kasari send garnu?', '16:51:02', 1, '2016-02-14'),
(480, 1, 2, 'some thing smell bad yar', '16:51:46', 1, '2016-02-14'),
(481, 1, 2, ':/', '16:51:51', 1, '2016-02-14'),
(482, 1, 2, 'fb ma', '16:51:56', 1, '2016-02-14'),
(483, 1, 2, 'ane aste ko pi pane', '16:52:02', 1, '2016-02-14'),
(484, 2, 1, 'What smells bad?', '16:52:15', 1, '2016-02-14'),
(485, 1, 2, 'i don`t no  what`s that', '16:52:41', 1, '2016-02-14'),
(486, 1, 2, 'man', '16:52:43', 1, '2016-02-14'),
(487, 2, 1, 'Oe aaileh avinas ko call aayekoh thiyo... Voli college bunk rey', '16:52:43', 1, '2016-02-14'),
(488, 1, 2, 'ane vole ko lage clz band ho haina', '16:52:57', 1, '2016-02-14'),
(489, 2, 1, 'Yes', '16:53:07', 1, '2016-02-14'),
(490, 1, 2, 'hahaha', '16:53:08', 1, '2016-02-14'),
(491, 2, 1, 'Oe mah mobile bata ho ki...laptop kholey vaney pathae dinchu', '16:53:35', 1, '2016-02-14'),
(492, 1, 2, ':D:D:D:D', '16:53:50', 1, '2016-02-14'),
(493, 2, 1, ':p', '16:54:13', 1, '2016-02-14'),
(494, 2, 1, ':P', '16:54:22', 1, '2016-02-14'),
(495, 1, 2, 'la la take ur`s time buddy', '16:54:30', 1, '2016-02-14'),
(496, 2, 1, 'Okay', '16:54:46', 1, '2016-02-14'),
(497, 1, 2, '8:-', '16:54:58', 1, '2016-02-14'),
(498, 1, 2, 'vole clz xutte :E:', '16:55:23', 1, '2016-02-14'),
(499, 2, 1, ':p small mah handa smilies aaudaina??', '16:55:31', 1, '2016-02-14'),
(500, 1, 2, ':E::E::E:', '16:55:36', 1, '2016-02-14'),
(501, 1, 2, 'caps p man', '16:55:57', 1, '2016-02-14'),
(502, 1, 2, ':P', '16:55:58', 1, '2016-02-14'),
(503, 2, 1, 'Small handa aauney banauna sakinna??', '16:56:51', 1, '2016-02-14'),
(504, 1, 2, 'www.youtub.com', '17:10:23', 1, '2016-02-14'),
(505, 1, 2, 'https://www.youtube.com/watch?v=UpsKGvPjAgw', '17:12:55', 1, '2016-02-14'),
(506, 1, 5, 'https://www.youtube.com/watch?v=UpsKGvPjAgw', '17:13:37', 1, '2016-02-14'),
(507, 1, 7, 'hu dai k gardai ne', '17:23:39', 1, '2016-02-14'),
(508, 1, 7, '/:/', '17:23:43', 1, '2016-02-14'),
(509, 1, 2, 'watch tihs man https://www.youtube.com/watch?v=yhfdmZ4Csb0', '03:57:59', 1, '2016-02-15'),
(510, 1, 4, 'watch this man https://www.youtube.com/watch?v=yhfdmZ4Csb0', '03:58:18', 1, '2016-02-15'),
(511, 1, 5, 'watch this dai https://www.youtube.com/watch?v=yhfdmZ4Csb0', '03:58:43', 1, '2016-02-15'),
(512, 1, 2, 'yes ko video haru heran https://www.youtube.com/watch?v=NZoch14yEGE views pane herahai', '04:07:25', 1, '2016-02-15'),
(513, 4, 83, 'ma feri topper vaye vai', '04:28:51', 1, '2016-02-15'),
(514, 4, 83, 'mero 89 percent aayo', '04:29:04', 1, '2016-02-15'),
(515, 4, 83, 'topper vaye vai', '04:29:09', 1, '2016-02-15'),
(516, 1, 2, 'oe man happy birthday (wish u many many happy returns of the day):birthday:', '04:46:26', 1, '2016-02-15'),
(517, 1, 2, 'Another big cake for u bro :birthdaycake:', '04:48:02', 1, '2016-02-15'),
(518, 1, 2, 'and finally a small gift :gift:', '04:48:21', 1, '2016-02-15'),
(519, 1, 2, ':P', '04:48:38', 1, '2016-02-15'),
(520, 62, 9, 'hlooo', '06:46:03', 1, '2016-02-15'),
(521, 62, 51, 'solteee darsannn', '06:46:17', 1, '2016-02-15'),
(522, 83, 4, 'very good', '08:44:38', 1, '2016-02-15'),
(523, 83, 4, 'hi', '08:57:59', 1, '2016-02-15'),
(524, 83, 4, 'kA GARDA HUNCHA', '08:58:33', 1, '2016-02-15'),
(525, 83, 4, 'hi', '09:08:21', 1, '2016-02-15'),
(526, 33, 2, 'oe k ho search mazzaaley gardaina ta', '09:09:34', 1, '2016-02-15'),
(527, 33, 9, 'hi', '09:13:26', 1, '2016-02-15'),
(528, 33, 62, 'hi', '09:13:50', 1, '2016-02-15'),
(529, 62, 33, 'hlooo', '09:40:01', 0, '2016-02-15'),
(530, 62, 33, 'k x soltee,,, :v', '09:40:11', 0, '2016-02-15'),
(531, 62, 33, 'jhapa bata ho ???', '09:42:10', 0, '2016-02-15'),
(532, 2, 33, 'Desktop mah ki mobile mah?', '11:21:02', 1, '2016-02-15'),
(533, 1, 2, 'a', '11:23:55', 1, '2016-02-15'),
(534, 4, 83, 'thank you so much vai', '13:11:31', 1, '2016-02-15'),
(535, 4, 83, 'ma tetikai basirako ani tme k gardai xau tah?', '13:12:03', 1, '2016-02-15'),
(536, 83, 4, 'hi', '13:23:37', 1, '2016-02-15'),
(537, 83, 2, 'hi', '13:24:02', 1, '2016-02-15'),
(538, 83, 62, 'hi', '13:28:00', 1, '2016-02-15'),
(539, 4, 83, 'umm vana na', '14:03:50', 1, '2016-02-15'),
(540, 4, 83, 'kata xau? tme', '14:03:59', 1, '2016-02-15'),
(541, 7, 78, 'oi', '14:13:25', 1, '2016-02-15'),
(542, 7, 78, ':)', '14:14:14', 1, '2016-02-15'),
(543, 2, 83, 'Hlo', '15:31:13', 0, '2016-02-15'),
(544, 2, 33, 'Dae answer fast', '19:28:09', 1, '2016-02-15'),
(545, 1, 4, 'oe na jana hu', '13:15:26', 1, '2016-02-16'),
(546, 1, 4, 'oe mug fb ma outnative ma post hala ko xaina', '13:35:27', 1, '2016-02-16'),
(547, 1, 4, 'k ho yar yesto', '13:35:33', 1, '2016-02-16'),
(548, 1, 3, 'oe mug fb ma outnative ma post hala ko xaina', '13:35:49', 0, '2016-02-16'),
(549, 49, 62, 'Basanti', '05:25:43', 1, '2016-02-17'),
(550, 49, 1, 'Oi', '05:26:05', 1, '2016-02-17'),
(551, 1, 2, 'oe', '15:28:22', 1, '2016-02-17'),
(552, 1, 2, 'balance xa vane cal garan na', '15:28:33', 1, '2016-02-17'),
(553, 4, 1, 'watch this', '16:38:52', 1, '2016-02-17'),
(554, 4, 1, 'https://www.youtube.com/watch?v=PfGaX8G0f2E', '16:39:03', 1, '2016-02-17'),
(555, 4, 2, 'https://www.youtube.com/watch?v=PfGaX8G0f2E', '16:39:21', 1, '2016-02-17'),
(556, 4, 83, 'vai kaha ho tme', '16:39:42', 1, '2016-02-17'),
(557, 1, 3, 'oe mug', '07:28:41', 0, '2016-02-21'),
(558, 1, 3, 'https://www.youtube.com/watch?v=AGYYTEjsSPk', '07:28:42', 0, '2016-02-21'),
(559, 1, 3, 'you video her', '07:28:50', 0, '2016-02-21'),
(560, 1, 4, 'https://www.youtube.com/watch?v=D_ZR7kAHvTk', '07:54:10', 1, '2016-02-21'),
(561, 1, 4, 'hera mula', '07:54:14', 1, '2016-02-21'),
(562, 1, 4, ':P', '07:54:20', 1, '2016-02-21'),
(563, 4, 83, 'vai', '09:29:36', 1, '2016-02-21'),
(564, 1, 2, 'hu susant ntf ko aajai va ko xaina', '10:09:54', 1, '2016-02-21'),
(565, 1, 2, 'ka ho yar yesto', '10:10:09', 1, '2016-02-21'),
(566, 1, 3, 'oe mug seo koi hu', '10:10:36', 0, '2016-02-21'),
(567, 1, 3, 'gar xu vanera na garnu vanda paile nei gardina van buges', '10:11:09', 0, '2016-02-21'),
(568, 2, 1, 'milan', '14:46:17', 1, '2016-02-22'),
(569, 1, 5, 'https://www.youtube.com/watch?v=D_ZR7kAHvTk', '16:14:18', 1, '2016-02-22'),
(570, 1, 5, 'dai hernu', '16:14:24', 1, '2016-02-22'),
(571, 1, 5, 'valu ko video', '16:14:31', 1, '2016-02-22'),
(572, 1, 2, 'oe mug', '08:30:13', 1, '2016-02-23'),
(573, 1, 2, 'alex xa ma hera ta', '08:30:26', 1, '2016-02-23'),
(574, 1, 2, '2100', '08:30:28', 1, '2016-02-23'),
(575, 1, 2, 'vaysoko', '08:30:31', 1, '2016-02-23'),
(576, 2, 1, 'milan im  making', '12:15:08', 1, '2016-02-23'),
(577, 1, 2, 'la la', '12:35:29', 1, '2016-02-23'),
(578, 2, 1, 'milan mero post mah comment haru garana', '12:36:20', 1, '2016-02-23'),
(579, 2, 1, 'like pani', '12:36:27', 1, '2016-02-23'),
(580, 1, 2, 'la la', '12:36:36', 1, '2016-02-23'),
(581, 1, 2, 'oe va ko xaina ta', '12:39:56', 1, '2016-02-23'),
(582, 1, 2, 'poup div close nai hudaina', '12:40:04', 1, '2016-02-23'),
(583, 2, 1, 'sorry mah bathroom mah thiye', '12:57:51', 1, '2016-02-23'),
(584, 1, 2, 'l al', '13:10:53', 1, '2016-02-23'),
(585, 1, 2, 'la la', '13:10:57', 1, '2016-02-23'),
(586, 1, 2, 'oe mobile ma pane ntf ko lage page banu na', '13:11:41', 1, '2016-02-23'),
(587, 2, 1, 'lala', '13:12:08', 1, '2016-02-23'),
(588, 1, 2, 'ane k gardai hu ne', '13:12:57', 1, '2016-02-23'),
(589, 2, 1, 'milaudae xu desktop mah ............. dherae problem haru dekhaudae ch', '13:14:05', 1, '2016-02-23'),
(590, 2, 1, 'cha', '13:14:08', 1, '2016-02-23'),
(591, 1, 2, 'oe aajai va ko xaina ntf', '13:14:08', 1, '2016-02-23'),
(592, 1, 2, 'aa la la', '13:14:15', 1, '2016-02-23'),
(593, 1, 2, 'ane want to be frns div ma width ar button kina mila ko aina ta', '13:14:54', 1, '2016-02-23'),
(594, 1, 2, 'popup pane close hudaina', '13:15:03', 1, '2016-02-23'),
(595, 1, 2, 'vaya paxe msg gar hai', '13:17:55', 1, '2016-02-23'),
(596, 2, 1, 'hera tah aailey', '13:19:12', 1, '2016-02-23'),
(597, 1, 2, 'la la', '16:04:31', 1, '2016-02-23'),
(598, 1, 2, 'oe yo chat box ma image hala na', '16:04:44', 1, '2016-02-23'),
(599, 81, 1, 'ma gaurav ho', '14:50:47', 1, '2016-02-25'),
(600, 1, 81, 'hu photo hala na chinna nai garo vo ta', '15:45:53', 0, '2016-02-25'),
(601, 51, 62, 'darshan', '15:58:18', 1, '2016-02-25'),
(602, 51, 62, 'k chha solta', '15:58:27', 1, '2016-02-25'),
(603, 62, 51, 'behal x sotaaa', '09:42:57', 0, '2016-02-26'),
(604, 62, 49, 'hahaha hajur bhanna lai pani dodhar ma parera bolayeu ,,,,', '09:43:24', 0, '2016-02-26'),
(605, 1, 2, 'oe susant mobile ko notification k vo', '05:34:28', 1, '2016-02-27'),
(606, 1, 2, ':)', '05:36:15', 1, '2016-02-27'),
(607, 4, 2, 'kaka aja ko match babal xa hai', '12:12:42', 1, '2016-02-27'),
(608, 4, 2, 'net kati ko fast xa kaka', '12:13:05', 1, '2016-02-27'),
(609, 78, 7, 'Oiii hoiii', '16:59:22', 0, '2016-02-29'),
(610, 78, 7, 'Oiii saroj yo xhai k khalkey ho.. Develop grera call garney banawda hunxa hola tah', '04:56:04', 0, '2016-03-01'),
(611, 1, 3, 'oe', '13:48:56', 0, '2016-03-01'),
(612, 1, 4, 'https://www.youtube.com/watch?v=r-k2IH4gzHE', '13:21:30', 1, '2016-03-02'),
(613, 1, 4, 'https://www.youtube.com/watch?v=r-k2IH4gzHE', '13:21:34', 1, '2016-03-02'),
(614, 1, 4, 'https://www.youtube.com/watch?v=EFJRmzaZH1Y', '13:21:47', 1, '2016-03-02'),
(615, 1, 5, 'https://www.youtube.com/watch?v=EFJRmzaZH1Y', '13:21:51', 1, '2016-03-02'),
(616, 33, 3, 'hy', '08:36:16', 0, '2016-03-05'),
(617, 33, 2, 'hy', '08:37:49', 1, '2016-03-05'),
(618, 33, 1, 'hy', '08:38:09', 1, '2016-03-05'),
(619, 33, 2, 'hy', '08:38:18', 1, '2016-03-05'),
(620, 1, 33, 'hl0', '17:48:25', 1, '2016-03-05'),
(621, 33, 1, 'guko dallo', '06:35:51', 1, '2016-03-07'),
(622, 33, 4, 'och vatij lal', '06:36:30', 1, '2016-03-07'),
(623, 33, 4, 'laudey lal', '06:36:33', 1, '2016-03-07'),
(624, 1, 33, 'ha ha :)', '07:11:17', 1, '2016-03-07'),
(625, 1, 33, 'ane dai k xa ta khabre', '07:11:34', 1, '2016-03-07'),
(626, 33, 1, 'grt 6cha n u r?', '12:20:06', 1, '2016-03-09'),
(627, 1, 33, 'aa', '13:58:27', 1, '2016-03-09'),
(628, 4, 33, 'hau kaka k ho', '17:01:03', 1, '2016-03-11'),
(629, 4, 33, 'kata ho', '17:01:06', 1, '2016-03-11'),
(630, 2, 1, ':)', '06:40:53', 1, '2016-03-12'),
(631, 2, 33, 'K xa dae ...sanchae??', '06:41:10', 1, '2016-03-12'),
(632, 2, 4, 'Slow xa', '16:12:16', 1, '2016-03-12'),
(633, 1, 2, 'hlo bro', '04:41:49', 1, '2016-05-27'),
(634, 2, 1, 'hey yar', '08:52:22', 1, '2016-05-31'),
(635, 1, 2, 'Ways up man', '12:10:07', 1, '2016-05-31'),
(636, 33, 117, 'hy', '14:01:05', 0, '2016-06-09'),
(637, 33, 2, 'hy', '04:03:48', 1, '2016-06-14'),
(638, 1, 46, 'Hlo kxa hu khaber', '10:53:19', 0, '2016-06-16'),
(639, 1, 98, 'oe k xa khaber', '04:11:12', 0, '2016-06-17'),
(640, 2, 1, 'hey dude', '15:29:29', 1, '2016-06-18'),
(641, 2, 33, 'k cha dae!', '15:33:11', 1, '2016-06-18'),
(642, 1, 2, 'oe online ho', '04:15:33', 1, '2016-06-19'),
(643, 2, 1, 'milan tyo celebrity page ma... title change gara', '13:52:29', 1, '2016-06-20'),
(644, 2, 1, 'for ex: Hotline Bling ----> Drake: Hotline Bling (Video with Lyrics)', '13:53:13', 1, '2016-06-20'),
(645, 2, 1, '< title > change gara', '13:53:28', 1, '2016-06-20'),
(646, 1, 2, 'OE aaila net xaina ke aba 8 9 dina paxe matra hu yar', '04:15:52', 1, '2016-06-22'),
(647, 1, 2, 'Hi', '04:16:46', 1, '2016-06-22'),
(648, 1, 2, 'OE susang find friend page ko follow btn kam gare ra ko xaina ta load vaya paxe ko mobile version ma Hera na', '04:19:23', 1, '2016-06-22'),
(649, 2, 1, 'eh.. la la', '03:50:33', 1, '2016-06-24');

-- --------------------------------------------------------

--
-- Table structure for table `post`
--

CREATE TABLE IF NOT EXISTS `post` (
  `post_id` int(200) NOT NULL AUTO_INCREMENT,
  `user_id` int(200) NOT NULL,
  `upload_text` text,
  `like` int(200) NOT NULL,
  `dislike` int(200) NOT NULL,
  `comment` int(200) NOT NULL,
  `upload_date` date NOT NULL,
  `location` varchar(200) DEFAULT NULL,
  `privacy` varchar(50) NOT NULL,
  `flag` varchar(100) NOT NULL,
  PRIMARY KEY (`post_id`),
  KEY `user_id` (`user_id`)
) ENGINE=InnoDB  DEFAULT CHARSET=utf8 AUTO_INCREMENT=95 ;

--
-- Dumping data for table `post`
--

INSERT INTO `post` (`post_id`, `user_id`, `upload_text`, `like`, `dislike`, `comment`, `upload_date`, `location`, `privacy`, `flag`) VALUES
(6, 2, 'Hey guys, Welcome. We have worked really hard to put this up. So, we assume to get your support. Use the website. Post the problems in feedback page. The website is yours!', 11, 0, 0, '2016-02-06', '', 'Global', '2'),
(7, 4, '\r\nLife is too short. Dont waste it reading my Outnative status.', 10, 0, 3, '2016-02-06', '', 'Global', ''),
(9, 5, 'Seriously :D', 7, 0, 0, '2016-02-06', '', 'Global', ''),
(10, 7, 'i think someday i gonna rock this world\r\n', 6, 1, 0, '2016-02-06', '', 'Global', ''),
(11, 6, '\r\nRemembering those old days !!! (^_^)', 10, 2, 2, '2016-02-06', '', 'Global', ''),
(12, 5, 'What do you mean?', 9, 0, 1, '2016-02-06', '', 'Global', ''),
(13, 5, 'Back to December 13,14', 6, 0, 0, '2016-02-06', '', 'Global', ''),
(14, 11, 'Amazing, love to use it.', 7, 1, 0, '2016-02-06', '', 'Global', ''),
(15, 27, '\r\nGood to see u all. and congratulation to all of u my frnds.\r\n', 8, 0, 0, '2016-02-07', '', 'Global', ''),
(16, 4, 'What do you mean?????', 10, 0, 1, '2016-02-07', 'Heaven', 'Global', ''),
(17, 49, '.... ', 6, 0, 0, '2016-02-07', '', 'Global', ''),
(25, 1, 'All outnative users can use the following Emotions in post,chat and feedback.   \n                              (Have Fun Guys ).\n-------------------------------------------------------\nand my request is to upload yours profile picture so that we can identify each other.Image must be in jpg.. Thank you', 7, 0, 0, '2016-02-07', 'Bangalore', 'Global', ''),
(26, 4, '\r\nDo not share your Personal Passwords and IDs to help better safeguard your Outnative profile.', 8, 0, 0, '2016-02-07', '', 'Global', ''),
(27, 52, 'feeling cool in this site, it is really Awesome.', 8, 0, 0, '2016-02-07', '', 'Global', ''),
(28, 46, 'Feel the ride :)', 7, 0, 0, '2016-02-07', '', 'Global', '0'),
(29, 54, '\r\nketchao solty ;)\r\n', 5, 0, 0, '2016-02-07', '', 'Global', ''),
(30, 56, 'Remember these images????', 3, 0, 0, '2016-02-07', 'Windows', 'Global', '0'),
(31, 61, ' travel around ', 7, 1, 4, '2016-02-07', '', 'Global', ''),
(32, 1, 'happy purpose day for all outnative users and rest of the people in the world  :o', 7, 0, 2, '2016-02-08', 'Banglore', 'Global', ''),
(33, 4, '\r\nNepalese have got to get together and work together. ', 6, 0, 0, '2016-02-09', '', 'Global', ''),
(36, 62, '\r\nwatching ONE PIECE \r\npankha banayo malai ta,, :v :v :v \r\n', 5, 0, 0, '2016-02-10', '', 'Global', ''),
(37, 62, '\r\n...............', 8, 0, 3, '2016-02-10', 'hebbal, bangalore', 'Global', ''),
(39, 7, 'Shit happens!!!! \r\nMorning outanite pepz ...', 4, 0, 5, '2016-02-11', '', 'Global', ''),
(40, 78, 'Gudmrng ', 6, 0, 0, '2016-02-12', '', 'Global', ''),
(41, 5, 'Hello', 6, 0, 1, '2016-02-12', '', 'Global', ''),
(42, 5, 'workOut..', 9, 0, 2, '2016-02-12', '', 'Global', '0'),
(44, 78, 'Jesus teach us 2 love\r\nBuddha teach us 2 leave home\r\nN Shiva teach us 2 smoke weed\r\nDiz oll God wil make meh bad\r\n#', 7, 0, 2, '2016-02-12', '', 'Global', ''),
(45, 2, 'Live every single day to its fullest potential!', 11, 0, 6, '2016-02-12', '', 'Global', ''),
(46, 1, 'happy saraswati puja to all the peoples', 13, 0, 0, '2016-02-13', '', 'Global', '0'),
(58, 5, 'Nobody can drag me down!', 10, 0, 6, '2016-02-13', '', 'Global', ''),
(59, 4, 'Saraswati puja kasko kasto vayo comment me guys', 10, 0, 6, '2016-02-13', '', 'Global', '0'),
(62, 1, 'hanging up with frns :)\r\n', 16, 0, 8, '2016-02-14', '', 'Global', '0'),
(68, 33, 'https://www.facebook.com/btmgamezone', 8, 0, 2, '2016-02-15', '', 'Global', '1'),
(69, 7, 'i m the master of my fate\r\ni m the captain of my soul.....\r\n#saroj_quotes', 8, 0, 0, '2016-02-15', '', 'Global', '0'),
(74, 4, 'Dont settle for good.Demand Great.', 12, 0, 2, '2016-02-16', '', 'Global', ''),
(75, 1, 'Feeling boring in class with these idots :(', 11, 0, 6, '2016-02-23', '', 'Global', ''),
(76, 4, 'Lets get together and feel all right.', 6, 0, 1, '2016-02-27', '', 'Global', ''),
(77, 4, 'Imagine there`s no countries\r\nIt isn`t hard to do\r\nNothing to kill or die for\r\nAnd no religion too\r\nImagine all the people\r\nLiving life in peace\r\n\r\nYou may say that I`m a dreamer\r\nBut I`m not the only one\r\nI hope someday you`ll join us\r\nAnd the world will be as one', 7, 1, 0, '2016-02-27', '', 'Global', ''),
(78, 78, 'I am d king op mah way.. Be aware \r\n#Aa-Rya', 6, 0, 1, '2016-02-29', '', 'Global', ''),
(79, 78, 'Think wateva buh do wat i say. ', 7, 0, 1, '2016-03-02', '', 'Global', ''),
(80, 1, 'oops :)', 11, 0, 2, '2016-03-06', '', 'Global', '0'),
(81, 33, 'first pic at shop', 6, 1, 0, '2016-03-07', '', 'Global', ''),
(82, 2, 'Stay Wierd!', 3, 0, 0, '2016-03-12', '', 'Global', ''),
(83, 7, 'forget those what they want from u...\r\njust listen your heart n do \r\nwhat u want to do ....', 4, 0, 0, '2016-03-14', '', 'Global', ''),
(84, 2, 'Happy Holi :)', 3, 0, 0, '2016-03-23', '', 'Global', ''),
(85, 78, 'Fun day ', 2, 0, 0, '2016-04-23', '', 'Global', ''),
(86, 78, 'Swinming. Booch oon.white river rafting. Danceing. N specially ffootball at riverside', 6, 0, 0, '2016-04-23', '', 'Global', ''),
(87, 1, 'exam pane balla sakyo yar :)', 4, 0, 0, '2016-05-10', '', 'Global', ''),
(88, 117, 'mein humesa k liye ja raha hu.....', 4, 0, 1, '2016-06-09', 'at my sweet home', 'Global', ''),
(89, 117, 'thundering weather,rainfall expected', 4, 0, 0, '2016-06-12', '', 'Global', ''),
(90, 4, 'Rose knows the meaning of love and only the heart can read it silently', 5, 0, 1, '2016-06-15', '', 'Global', ''),
(91, 2, 'Say this:\r\nHow much wood would a woodchuck chuck if a woodchuck could chuck wood?', 2, 0, 1, '2016-06-20', '', 'Global', ''),
(92, 1, 'Life just f**k up damm it', 0, 0, 0, '2016-08-03', '', 'Global', ''),
(94, 123, 'HOW ARE YOU ALL FRINDS? ', 1, 0, 0, '2016-08-05', '', 'Global', '');

-- --------------------------------------------------------

--
-- Table structure for table `post_flag`
--

CREATE TABLE IF NOT EXISTS `post_flag` (
  `flag_id` int(200) NOT NULL AUTO_INCREMENT,
  `post_id` int(200) NOT NULL,
  `user_id` int(200) NOT NULL,
  PRIMARY KEY (`flag_id`),
  KEY `post_id` (`post_id`),
  KEY `user_id` (`user_id`)
) ENGINE=InnoDB  DEFAULT CHARSET=utf8 AUTO_INCREMENT=9 ;

--
-- Dumping data for table `post_flag`
--

INSERT INTO `post_flag` (`flag_id`, `post_id`, `user_id`) VALUES
(1, 6, 33),
(5, 6, 56),
(8, 68, 2);

-- --------------------------------------------------------

--
-- Table structure for table `user_details`
--

CREATE TABLE IF NOT EXISTS `user_details` (
  `details_id` int(200) NOT NULL AUTO_INCREMENT,
  `user_id` int(200) NOT NULL,
  `sex` char(10) NOT NULL,
  `location` varchar(200) DEFAULT NULL,
  `nationality` varchar(100) DEFAULT NULL,
  `college` text NOT NULL,
  `year` varchar(10) NOT NULL,
  `month` char(50) NOT NULL,
  `date` varchar(5) NOT NULL,
  `workplace` varchar(200) DEFAULT NULL,
  `views` varchar(200) NOT NULL,
  PRIMARY KEY (`details_id`),
  UNIQUE KEY `user_id` (`user_id`)
) ENGINE=InnoDB  DEFAULT CHARSET=utf8 AUTO_INCREMENT=74 ;

--
-- Dumping data for table `user_details`
--

INSERT INTO `user_details` (`details_id`, `user_id`, `sex`, `location`, `nationality`, `college`, `year`, `month`, `date`, `workplace`, `views`) VALUES
(1, 1, 'Male', 'Agb Layout (Bangalore )', 'Nepali', 'RR Instution', '1997', 'April', '18', 'Outnative.com', '74'),
(2, 2, 'Male', 'Bangalore (RR Layout )', 'Nepal', 'RR Institutions', '1996', 'February', '15', 'Outnative (CEO)', '49'),
(3, 3, 'Male', 'RR layout', 'Nepal', 'RR Institution', '1996', 'April', '18', 'Not yet.....', '33'),
(4, 4, 'Male', 'Bangalore', 'Nepal', 'R.R Institution', '1997', 'October', '19', 'OUTNATIVE CEO', '46'),
(5, 6, 'Male', 'bangalore', 'Nepali', 'R. R Institutions', '1994', 'July', '8', 'studying', '6'),
(6, 5, 'Male', 'Bangalore', 'Nepal', 'R.R Institute of Technology', '1995', 'December', '14', 'professional', '11'),
(7, 7, 'Male', 'Bangalore', 'India', 'Rr inst.', '1996', 'August', '15', 'Still studying', '15'),
(11, 9, 'Male', 'kathmandu', 'nepal', 'united academy', '1999', 'March', '9', 'still studying', '10'),
(12, 11, 'Male', 'Mahuli, saptari. Nepal', 'Nepal', 'Rajbiraj Model Campus', '1993', 'April', '2', 'Qatar', '5'),
(13, 12, 'Male', 'Tumkur', 'Nepali', 'SIET', '1997', 'January', '4', 'studying', '10'),
(14, 13, 'Male', 'Bangalore', 'Nepal', 'BMSCE', '1970', 'January', '1', 'INRA EduTech', '7'),
(15, 17, 'Male', 'Bangalore', 'Nepal', 'R.R. Polytechnic', '1996', 'June', '23', 'still studying', '1'),
(16, 18, 'Male', 'Bangalore', 'Nepal', 'RR Institute of Advance Studies', '1995', 'Febuary', '7', 'Still Studying', '5'),
(17, 25, 'Male', 'kanchanpur saptari nepal', 'Nepal', 'rajiv ghandhi university', '1996', 'January', '4', 'still studying', '3'),
(18, 26, 'Male', 'Malaysia johor bahru', 'Nepal', 'Emerald Academy', '1993', 'June', '20', 'Cheung Woh technologies', '1'),
(19, 27, 'Male', 'Ada OK USA', 'Nepal', 'East central university', '1998', 'October', '25', 'No work', '7'),
(20, 30, 'Male', 'Qatar', 'Nepal', 'Kanchenjunga H.Sec. English school Biratnagar ', '1993', 'December', '25', 'Graphic designer ', '3'),
(21, 33, 'Male', 'Birtamode,Jhapa', 'Nepal', 'Purwanchal Acadmey', '1995', 'Febuary', '14', 'CEO & Founder at BTM GAME ZONE ', '13'),
(22, 34, 'Male', 'Bangalore ', 'Nepal', 'R.R Institute of Technology ', '1993', 'August', '24', 'still studying ', '7'),
(23, 36, 'Male', 'kathmandu', 'Nepal', 'R R collage', '1996', 'July', '19', 'still studying', '7'),
(24, 40, 'Male', 'Bangalore', 'Nepal', 'R.R. Institutions', '1994', 'January', '24', 'Studying', '1'),
(25, 41, 'Male', 'saharsa', 'bihar', 'r.m.collage', '1997', 'December', '15', 'saharsa', ''),
(26, 42, 'Male', 'Bangalore', 'Nepal', 'Secon Pvt Ltd', '1988', 'January', '1', 'secon pvt ltd', ''),
(28, 46, 'Male', 'Bangalore', 'Indian', 'R R Institution', '1997', 'January', '9', 'Still Studying', '2'),
(29, 47, 'Male', 'Bangalore', 'Nepal', 'RR institutions', '1993', 'May', '20', 'Stil studying', ''),
(30, 48, 'Male', 'Gaurighat,kathmandu', 'Nepal', 'Xavier International College,kalopul kathmandu', '1998', 'March', '1', 'Xavier international college', '6'),
(31, 49, 'Female', 'kolkota', 'Nepal', 'FARAN', '1994', 'October', '26', 'kothari', '14'),
(32, 50, 'Male', 'BANGLORE', 'Nepal', 'rr INSTITUTE', '1970', 'January', '1', 'sTUDENT', '6'),
(33, 51, 'Male', 'bangalore', 'Nepal', 'Rajiv gandhi institute of technology', '1993', 'March', '5', 'studying', '9'),
(34, 52, 'Male', 'Jyamirgadhi 5, Jhapa', 'Nepal', 'Amity College', '1997', 'October', '19', 'Student', '2'),
(35, 53, 'Male', 'Banglore', 'Nepal', 'rr', '1996', 'October', '11', 'studying', '5'),
(36, 54, 'Male', 'Bangalore', 'Nepali', 'RR College', '1995', 'September', '22', 'BCA', '4'),
(37, 55, 'Male', 'Chandragadi', 'Nepal', 'Gomendra Multiple College', '1993', 'June', '27', 'Not ', ''),
(38, 56, 'Female', 'USA', 'Nepali', 'university of california', '1997', 'January', '1', 'student', '9'),
(39, 58, 'Male', 'Zurich', 'Nepal ', 'ETH Zurich', '1992', 'November', '7', 'ETH Zurich', '1'),
(40, 59, 'Male', 'kolkota', 'Nepal', 'texas international college', '1993', 'March', '1', 'saan international', '9'),
(41, 61, 'Male', 'Pokhara', 'Nepal', 'Greenwich ', '1990', 'April', '10', 'A 0ne my style shop', '17'),
(42, 62, 'Male', 'Bangalore', 'Nepal', 'rajiv gandhi', '1993', 'March', '14', 'still studying', '24'),
(43, 66, 'Male', 'Jyotinagar ', 'Nepal', 'Bal kumari college ', '1993', 'January', '16', 'FBI', '6'),
(44, 67, 'Female', 'banglore', 'Nepal', 'faran college of nursing', '1996', 'August', '12', 'student nurse', '9'),
(45, 75, 'Male', 'Bangalore', 'Nepal', 'Acharya colleage', '1997', 'September', '19', 'Studying', '2'),
(46, 77, 'Male', 'Bangalore', 'Nepali', 'R R it', '1995', 'March', '18', 'Still studying', ''),
(47, 78, 'Male', 'Kalimpong', 'India', 'George Mason University', '1997', 'August', '16', 'Still studying', '13'),
(49, 79, 'Male', 'bangalore', 'nepali', 'bangalore', '1994', 'July', '7', 'still studying', '7'),
(50, 81, 'Male', 'bangalore', 'nepal', 'rr institution', '1996', 'January', '2', 'bangalore', '2'),
(51, 82, 'Male', 'Kathmandu', 'Nepali', 'AIMS Institute', '1993', 'January', '23', 'Leapfrog Technology', '3'),
(52, 83, 'Male', 'birtamode', 'Nepali', 'govendra birta model english school', '1976', 'November', '8', 'studing', '11'),
(53, 84, 'Male', 'Kathmandu', 'Nepali', 'Nobel College', '1996', 'October', '7', 'Still Studying', '7'),
(54, 86, 'Male', 'bangalore', 'nepal', 'R.R', '1995', 'oct', '21', 'non', '1'),
(57, 90, 'Male', 'Bangalore ', 'Nepal', 'vasan institute of ophthalmology and research ', '1996', 'April', '18', 'still studying ', '9'),
(58, 91, 'Female', 'ljksd', 'nepa', 'kskd', '1971', 'March', '2', 'kjdf', '2'),
(59, 94, 'Male', 'bangalore', 'nepali', 'sri venketeshwara college of engineering', '1993', 'June', '16', 'still studying', '1'),
(60, 95, 'Male', 'Bangalore', 'Nepal', 'East West institute of technology', '1994', 'September', '7', 'Student', '2'),
(61, 96, 'Male', 'Banglore', 'Nepal', 'RR Polytechnic', '1997', 'July', '18', 'still studying', ''),
(62, 98, 'Male', 'Bangalore', 'Nepal', 'Acharya Institute Of Technology', '1995', 'April', '8', 'Studying ', '6'),
(63, 99, 'Male', 'JHAPA', 'NEPAL', 'fsfd', '1970', 'January', '1', 'asd', ''),
(64, 100, 'Male', 'bangalore', 'nepal', 'ait', '1995', 'September', '5', 'still studying', '4'),
(65, 102, 'Male', 'nepal', 'NEPAL', 'college of computer technology', '1979', 'December', '19', 'studying', ''),
(66, 105, 'Male', 'HYDERabad', 'indian', 'vitam', '1989', 'April', '3', 'hyderabad', ''),
(67, 107, 'Male', 'hyderabad', 'indian', 'trr college of engineering', '1992', 'January', '29', 'searching for job', ''),
(68, 112, 'Male', 'kalimpong', 'Indian', 'siliguri government college', '1995', 'June', '23', 'still studying', ''),
(69, 115, '</male>', '</bangalore>', '</nepal>', '</nepal>', '</1970>', '</January>', '</1>', '</jjj>', ''),
(70, 114, 'Male', 'ibague', 'colombia', 'inem', '1970', 'March', '14', 'enger', ''),
(71, 117, 'Male', 'Birtamod', 'Nepal', 'providence college', '1997', 'Augest', '19', 'self employed', '1'),
(72, 120, 'Male', 'Indore', 'India', 'Medicaps', '1994', 'July', '31', 'None', ''),
(73, 123, 'Male', 'SAPTARY ', 'Nepal', 'Kathmandu', '1990', 'May', '8', 'LODA ', '');

-- --------------------------------------------------------

--
-- Table structure for table `user_login`
--

CREATE TABLE IF NOT EXISTS `user_login` (
  `user_id` int(200) NOT NULL AUTO_INCREMENT,
  `email` varchar(200) NOT NULL,
  `password` varchar(100) NOT NULL,
  `fname` varchar(100) NOT NULL,
  `lname` varchar(100) DEFAULT NULL,
  `position` varchar(200) NOT NULL,
  `active` int(2) NOT NULL,
  `register_date` date NOT NULL,
  `last_login_date` date NOT NULL,
  `verification_code` varchar(10) NOT NULL,
  `profile_picture` varchar(200) DEFAULT NULL,
  `forget_password_code` varchar(50) NOT NULL,
  PRIMARY KEY (`user_id`),
  UNIQUE KEY `email` (`email`)
) ENGINE=InnoDB  DEFAULT CHARSET=utf8 AUTO_INCREMENT=124 ;

--
-- Dumping data for table `user_login`
--

INSERT INTO `user_login` (`user_id`, `email`, `password`, `fname`, `lname`, `position`, `active`, `register_date`, `last_login_date`, `verification_code`, `profile_picture`, `forget_password_code`) VALUES
(1, 'milanshrestha837@gmail.com', '284e9135b26c5938194c7a161250d1d9', 'Milan', 'Shrestha', 'Engineering Student', 1, '2016-02-06', '0000-00-00', '7506', 'r3tf15cxL6.jpg', 'YQ3BZ50j'),
(2, 'stpdstn@gmail.com', '5f4dcc3b5aa765d61d8327deb882cf99', 'Sushang', 'Niroula', 'Engineering', 1, '2016-02-06', '0000-00-00', '7717', 'rOKVCAnzqh.jpg', 'dhcGLbuo'),
(3, 'sindbaj38@gmail.com', '3c6d74bfea2a15fdad478f0e5866913c', 'Sindbaj', '4u', 'Engineering', 1, '2016-02-06', '0000-00-00', '8270', 's5ZSv0tHVK.jpg', ''),
(4, 'krajbanshi25@gmail.com', 'e8977ad2e83202c1692ce665b125d66c', 'Krishna', 'Rajbanshi', 'Engineering Student', 1, '2016-02-06', '0000-00-00', '3681', 'yauIMBOpNt.jpg', ''),
(5, 'arun.daduwa.ad@gmail.com', '2247b5cbefc142bc5eaa29d939ba31bc', 'Justin', 'Bieber', 'Engineer', 1, '2016-02-06', '0000-00-00', '7164', 'q6KAkJoen9.jpg', ''),
(6, 'excelblade10@gmail.com', 'f2e6e1f7c3c8aec89e76e786fab25142', 'Sanjay', 'Chaudhary', 'Engineering Student', 1, '2016-02-06', '0000-00-00', '2651', 'wr6ZjOKyQd.jpg', ''),
(7, 'sarojxj777@gmail.com', 'd69f08d5fb012e2d95c64bde9c322aed', 'Road side', 'Remo', 'Management', 1, '2016-02-06', '0000-00-00', '3685', 'WdsiMLwAQf.jpg', '1LeNlSts'),
(8, 'rajyadav_np@outlook.com', '64c3e2cd81fbdce692378c42eecbb989', 'Raj', 'Yadav', 'Others', 0, '2016-02-06', '0000-00-00', '1058', NULL, ''),
(9, 'rocksen59@gmail.com', '6cc2c2e1530e059e6097e761f9f3ad62', 'sulov ', 'sen', 'Engineering Student', 1, '2016-02-06', '0000-00-00', '4955', 'm0dGkNhsTQ.jpg', ''),
(10, 'Hajarathforu@gmail.com', '59964c843fd4922555c470365908b7e9', 'Md', 'Hazarath', 'Select your Current Position', 0, '2016-02-06', '0000-00-00', '9801', NULL, ''),
(11, 'abdullah_md786@yahoo.com', 'd4ee7461a0e8d7110ff8cf6bf5912402', 'Md', 'Abdulla', 'Other Jobs', 1, '2016-02-06', '0000-00-00', '9215', 'dAIVE9XUJz.jpg', ''),
(12, 'trazybj@gmail.com', '71928e87055f718ff604f0d394f1f9ae', 'Bee', 'zay', 'Engineering Student', 1, '2016-02-06', '0000-00-00', '5135', NULL, ''),
(13, 'manishsah@yahoo.com', 'e12aa7611b9050cfa29d3a5e3e4b6eb4', 'Manish', 'Shah', 'Engineer', 1, '2016-02-06', '0000-00-00', '6038', NULL, ''),
(14, 'mdshahid', '2ecf68d180254258e9e8c25e5a5811f5', 'md', 'shahid', 'null', 0, '2016-02-06', '0000-00-00', '9471', NULL, ''),
(15, 'kayaraaggirawal025@gmail.com', '326860324a63a7d82a07f0b129a9ba13', 'kayara', 'aggirawal', 'Medical / Nursing', 0, '2016-02-06', '0000-00-00', '7657', NULL, ''),
(16, 'rupeshmonologue@gmail.com', 'aa3ed279b2a45322c7a7663babae0800', 'Rupesh', 'Prajapati', 'Medical / Nursing', 0, '2016-02-06', '0000-00-00', '1519', NULL, ''),
(17, 'bhattaraipradip4@gmail.com', '2b88d3f4d51435f29c64684f2ab64590', 'pradip', 'bhattarai', 'Engineering', 1, '2016-02-07', '0000-00-00', '9034', NULL, ''),
(18, 'upreti.sandesh3@gmail.com', '186ccbb218299e4f59246fbaeecf8ee0', 'sandesh ', 'upreti', 'Management', 1, '2016-02-07', '0000-00-00', '6699', NULL, ''),
(19, 'nishanrajbanshi@yahoo.com', '384480d6a842080d461f8ebf4ead7e6c', 'Nishan', 'raj', 'Engineering Student', 0, '2016-02-07', '0000-00-00', '8421', NULL, ''),
(20, 'upreti.sandesh13@gmail.com', '186ccbb218299e4f59246fbaeecf8ee0', 'Sandesh ', 'Upreti', 'Management Student', 0, '2016-02-07', '0000-00-00', '8271', NULL, ''),
(21, 'tesebsmahuli', '384712ec65183407ac811fff2f4c4798', 'Nandkeshar', 'Chaudhary', 'Visitor', 0, '2016-02-07', '0000-00-00', '1883', NULL, ''),
(22, 'rocky_ankesh148@hotmail.com', '9e3dd0826c57b9da4caeecfb94a02d8a', 'rocky', 'ankesh', 'Engineering Student', 0, '2016-02-07', '0000-00-00', '9657', NULL, ''),
(23, 'wvceduinst@yahoo.com', '384712ec65183407ac811fff2f4c4798', 'Nandkeshar', 'Chaudhary', 'Manager/Accountant', 0, '2016-02-07', '0000-00-00', '1500', NULL, ''),
(24, 'krisha', '827ccb0eea8a706c4c34a16891f84e7b', 'krishna', 'shah', 'Engineer', 0, '2016-02-07', '0000-00-00', '7200', NULL, ''),
(25, 'rockyankesh91@gmail.com', '9e3dd0826c57b9da4caeecfb94a02d8a', 'rocky', 'ankesh', 'Engineering', 1, '2016-02-07', '0000-00-00', '3301', NULL, ''),
(26, 'avikas_9@yahoo.com', 'c97f40f0623d8398aa760512505e202f', 'Chanchal ', 'Vikas', 'Others', 1, '2016-02-07', '0000-00-00', '6558', NULL, ''),
(27, 'krishna.shah395@gmail.com', '827ccb0eea8a706c4c34a16891f84e7b', 'krishna', 'shah', 'Engineering Student', 1, '2016-02-07', '0000-00-00', '1094', 'sSDWGbe6o7.jpg', ''),
(28, 'sunilnauwag65@gmail.com', '22f6f636318e3a97570375dd253a67b3', 'Sunil', 'Nauwag', 'Management Student', 0, '2016-02-07', '0000-00-00', '2440', NULL, ''),
(29, 'lalitchaudhary626@gmail.com', '81f6dca82fe451c52ef85054ffb78d0f', 'Lalit', 'chaudhary', 'Engineering', 1, '2016-02-07', '0000-00-00', '3623', NULL, ''),
(30, 'as_zamil@yahoo.com', 'a815ed700adcd4df8c786dfd70b07ad6', 'Jamil', 'Akhtar', 'Other Jobs', 1, '2016-02-07', '0000-00-00', '1740', NULL, ''),
(31, 'kali36752@gmail.com', '123523ed4fa45f3d26d674725b280578', 'kamal', 'ali', 'Other Jobs', 0, '2016-02-07', '0000-00-00', '5875', NULL, ''),
(32, 'mdkamaluddin550@gmail.com', '8194aeb3ac3f895752539a837a3bae39', 'md', 'kamal', 'Other Jobs', 1, '2016-02-07', '0000-00-00', '8724', NULL, ''),
(33, 'nbhangad@gmail.com', '6a069af75727c4fe175b738f553d90e1', 'Nishu', 'Bhangad', 'BUSINESS', 1, '2016-02-07', '0000-00-00', '1975', 'vlGHhbj8q7.jpg', 'HSnXRUwm'),
(34, 'arjen2888@gmail.com', '4a363e13d0f95677699809231ce89406', 'Arjun', 'Shrestha', 'Engineering', 1, '2016-02-07', '0000-00-00', '4836', NULL, ''),
(35, 'ajaymeche1234@gmail.com', 'af367f6f63dea782496b35dffe0dc2cb', 'ajay', 'meche', 'Engineering', 0, '2016-02-07', '0000-00-00', '9305', NULL, ''),
(36, 'ajay.edu.np@gmail.com', '467b27f3d81143fd2644aa697ac3b702', 'Ajay', 'Shah', 'Engineering', 1, '2016-02-07', '0000-00-00', '4332', 'Ib7R4Xnz6E.jpg', ''),
(37, 'ajaymeche1234@yahoo.com', 'b7c728a71538fcab3b84fbb96ef407c1', 'ajay', 'meche', 'Engineering', 0, '2016-02-07', '0000-00-00', '1726', NULL, ''),
(38, 'smilyravi2@gmail.com', 'd321b55eaa13fa93a991060bbfb7e19a', 'RAVI ', 'GIRI', 'Other Jobs', 0, '2016-02-07', '0000-00-00', '1118', NULL, ''),
(39, 'punkysushil19@gmail.com', 'd911adc85dd4ce5fbf1e0bd598605a92', 'Sushil', 'Gautam', 'Management', 0, '2016-02-07', '0000-00-00', '5804', NULL, ''),
(40, 'g3tpsycho.biwash@gmail.com', 'c81ddef1cce5e4354babac1cfb40f297', 'Biwash', 'Sharma', 'Management', 1, '2016-02-07', '0000-00-00', '6587', NULL, ''),
(41, 'rahulgupta06478@gmail.com', '4e260991fe8c5f3cf47421d3228b816b', 'rahul', 'gupta', 'Engineering Student', 1, '2016-02-07', '0000-00-00', '2575', NULL, ''),
(42, 'temu_na2rxn@yahoo.com', '12109c14976b3b278973cf4905b4f869', 'Narean', 'Gurung', 'Engineer', 1, '2016-02-07', '0000-00-00', '5019', NULL, ''),
(46, 'pujan.sharma321@gmail.com', '5077df3672ca60868b6536d0eea62d1e', 'pujan', 'sharma', 'Engineering Student', 1, '2016-02-07', '0000-00-00', '4171', 'pimAOxnMI6.jpg', ''),
(47, 'youngheart.emo@gmail.com', 'd347ec0a48eb9544f98ce2ad332393b2', 'Laxman', 'Joshi', 'Pharmacy Student', 1, '2016-02-07', '0000-00-00', '9125', NULL, 'Ui5PKNE4'),
(48, 'kaushal.bhujel95@gmail.com', '8e82936c080e8876a6d54b93a8a75fa5', 'Kaushal', 'Bhujel', 'Management', 1, '2016-02-07', '0000-00-00', '6865', NULL, ''),
(49, 'alinashrestha999.as@gmail.com', '6be01202e335ef3e3e60b230ec5569f9', 'alina', 'shrestha', 'Nurse / Medical Assistant', 1, '2016-02-07', '0000-00-00', '6514', NULL, ''),
(50, 'abc2snl@gmail.com', '7b324e63e7f8440278515a5a3b1a61bd', 'Sunil', 'Limbu', 'Visitor', 1, '2016-02-07', '0000-00-00', '9754', NULL, ''),
(51, 'rajeshkc31@gmail.com', '7b3bfa4269e92f4191637afcb03263a5', 'Razz', 'Ess', 'Engineering', 1, '2016-02-07', '0000-00-00', '1679', 'lkUVu2tdIR.jpg', ''),
(52, 'wishgopalbday@gmail.com', 'c61715ed648cf84f54b4cb77245774cb', 'Gopal', 'Kafle', 'Management Student', 1, '2016-02-07', '0000-00-00', '7317', 'M3UcqRWGuS.jpg', ''),
(53, 'bikendrathapaliya@gmail.com', '6eea9b7ef19179a06954edd0f6c05ceb', 'Biki', 'Tpa', 'Engineering Student', 1, '2016-02-07', '0000-00-00', '7059', NULL, ''),
(54, 'sujankc333@gmail.com', 'e676019e6f525f20a2795622882a80da', 'Jolison', 'Meitei', 'Engineering Student', 1, '2016-02-07', '0000-00-00', '9986', 'LVI2YUJNBQ.jpg', ''),
(55, 'zooro.prince@gmail.com', '062adfd9bf3191e68bbe2d40ed40828e', 'Bikal', 'Bhattarai', 'Engineering Student', 1, '2016-02-07', '0000-00-00', '5923', NULL, ''),
(56, 'filestreamcoder@gmail.com', '1ab28f4da7427b9d93128506d0a1d0ea', 'USA', 'Man', 'Nursing Student', 1, '2016-02-07', '0000-00-00', '2486', NULL, ''),
(57, 'navrazz7470@gmail.com', '4c8975e757faa04e88611d2921f10f06', 'Navrazz', 'Moktan', 'Management', 0, '2016-02-07', '0000-00-00', '3428', NULL, ''),
(58, 'upaudel92@gmail.com', '937a066444931594c24da61dd4cc7858', 'Ujjwol', 'Paudel', 'Other Jobs', 1, '2016-02-07', '0000-00-00', '5492', NULL, ''),
(59, 'omee0278@gmail.com', '0414a71b5eb53c3da33774fcb4c20d7d', 'omee', 'pinko', 'Management', 1, '2016-02-07', '0000-00-00', '3132', 'Jt0eGFlgoV.jpg', ''),
(60, 'Jprassadrajbanshi25@-gmail.com', 'f63652db948a8d7303a68aecc90b106d', 'Jay p.d', 'Rajbanshi', 'Manager/Accountant', 0, '2016-02-07', '0000-00-00', '8082', NULL, ''),
(61, 'animeshbistanepal@gmail.com', '9fb9620fd5ccbecb1f8b3fc8603416ac', 'Animesh ', 'Bista', 'Fashion', 1, '2016-02-07', '0000-00-00', '6605', 'Tx8o9P1ENW.jpg', ''),
(62, 'banil.krstha@gmail.com', '5d634076026bfd8190de99fe7a71bc23', 'Banil', 'Krstha', 'Engineering Student', 1, '2016-02-08', '0000-00-00', '2705', 'bBe1syuxiU.jpg', ''),
(63, 'rayee_mamta@yahoo.com', '0dffd4077089505743e6d68b39309c5b', 'Mamata', 'Rai', 'Nurse / Medical Assistant', 0, '2016-02-08', '0000-00-00', '8938', NULL, ''),
(64, 'prokass4u@gmail.com', 'cd63d4e166bdee8e703777bdb99871e0', 'ProKass', 'Chy', 'Engineer', 0, '2016-02-08', '0000-00-00', '5843', NULL, ''),
(65, 'irfa.rain99@gmail.com', 'e3d70457a1f92356fa2db912decee800', 'mohd', 'Irfan khan', 'Engineering Student', 0, '2016-02-08', '0000-00-00', '2064', NULL, ''),
(66, 'stha.razes2@gmail.com', '61b81af2465ca1a91d9314bb910d5614', 'Razes', 'Shrestha', 'Other Jobs', 1, '2016-02-08', '0000-00-00', '2775', NULL, ''),
(67, 'sthacrizana16@gmail.com', '09abca7bf91aa0b24b519d808a2323bd', 'crizana', 'shrestha', 'Medical / Nursing', 1, '2016-02-08', '0000-00-00', '1014', NULL, ''),
(68, 'Sitaula', 'fa7a0e9446d6c610e518a835940774f7', 'Nelisha', 'Sitoula', 'Medical / Nursing', 0, '2016-02-09', '0000-00-00', '3969', NULL, ''),
(69, 'livedtoinspired@gmail.com', 'bd0a70b507733ff612dace7a95fcaaa1', 'Deepa', 'Simkhada', 'Medical / Nursing', 0, '2016-02-10', '0000-00-00', '8668', NULL, ''),
(70, 'Abishek', 'a1b27c48dae43b9ae63141c37f0a5034', 'Aarya ', 'Chettri', 'Other Jobs', 0, '2016-02-10', '0000-00-00', '3170', NULL, ''),
(71, 'Abishek.chettri.18@facebook.com', 'a1b27c48dae43b9ae63141c37f0a5034', 'Aarya', 'Chettri', 'Other Jobs', 0, '2016-02-11', '0000-00-00', '9204', NULL, ''),
(72, 'ab@gmail.com', 'e2fc714c4727ee9395f324cd2e7f331f', 'A', 'B', 'Others', 0, '2016-02-11', '0000-00-00', '6536', NULL, ''),
(73, 'hgv@gmail.com', '166248a6129a1e4370d20adc2d4c23f3', '<html>', '<html>', 'Fashion', 0, '2016-02-11', '0000-00-00', '4788', NULL, ''),
(74, 'selahben@hotmail.com', '25e2211c82dc8bcc9de77058bf284a3f', 'Ben', 'Cohen', 'Other Jobs', 0, '2016-02-11', '0000-00-00', '2904', NULL, ''),
(75, 'krajbanshi25@yahoo.in', '4355bff2c50f24df0ac22eaeb01fe299', 'Krishna', 'Rajbanshi', 'Engineering', 1, '2016-02-11', '0000-00-00', '4769', 'vA7Didyc8O.jpg', ''),
(76, 'gauravtharu@outnative.com', '80240cc9224edff7bf91a356705a6c2a', 'gaurav', 'tharu', 'Engineering', 0, '2016-02-11', '0000-00-00', '8138', NULL, ''),
(77, 'anilshrestha837@yahoo.com', '284e9135b26c5938194c7a161250d1d9', 'anil', 'shrestha', 'Others', 1, '2016-02-12', '0000-00-00', '9854', NULL, ''),
(78, 'Chettriabishek0@gmail.com', 'beb76c92692b6b8ec553e134ad1204d8', 'Aarya ', 'Chettri ', 'Others', 1, '2016-02-12', '0000-00-00', '8887', '8JwqdOtKzo.jpg', ''),
(79, 'Rzbncmaesh@gmail.com', '7b9f0b1615a0f126331165e85d1da429', 'mahesh', 'raaz', 'Engineer', 1, '2016-02-12', '0000-00-00', '8094', NULL, ''),
(80, 'Pankajkoirala55@gmail.com', '95deb5011a8fe1ccf6552bb5bcda2ff0', 'Pankaj', 'Koirala', 'Engineering', 0, '2016-02-12', '0000-00-00', '8412', NULL, ''),
(81, 'gauravtharu59@gmail.com', 'e10adc3949ba59abbe56e057f20f883e', 'bmal', 'budhathoki', 'Others', 1, '2016-02-13', '0000-00-00', '6435', NULL, 'shmgt2Xd'),
(82, 'amrit.exotrac@gmail.com', '5d41402abc4b2a76b9719d911017c592', 'Amrit', 'Ojha', 'Engineer', 1, '2016-02-13', '0000-00-00', '3124', NULL, ''),
(83, 'iamrahuldon8@gmail.com', 'b46bda5c9e3fe8a6454ec2ebc6cb644b', 'Rahul', 'Rajbanshi', 'Others', 1, '2016-02-13', '0000-00-00', '4016', 'orgLmBXhSR.jpg', ''),
(84, 'rowansiwakoti@gmail.com', 'a135af9cdb75f1a82df1ba416c521370', 'Rowan', 'Siwakoti', 'Engineering', 1, '2016-02-13', '0000-00-00', '5529', 'WLUbvqNndO.jpg', ''),
(85, 'www.hemrajrbc@yahoo.com', 'edbd0effac3fcc98e725920a512881e0', 'hemraj', 'Rbc', 'Other Jobs', 0, '2016-02-14', '0000-00-00', '2913', NULL, ''),
(86, 'santosmunez10@gmail.com', 'dd900aace22f2e7d42bd1283994ab469', 'david', 'silva', 'Management', 1, '2016-02-14', '0000-00-00', '7543', NULL, ''),
(89, 'Banskota9@gmail.com', '6eea9b7ef19179a06954edd0f6c05ceb', 'Shrishant', 'Banskota', 'Engineering', 0, '2016-02-15', '0000-00-00', '7632', NULL, ''),
(90, 'manishdahal88@gmail.com', '74f5e8bc3c87fbbed69bf70cc7775d8c', 'manish', 'dahal', 'Medical / Nursing', 1, '2016-02-15', '0000-00-00', '9225', NULL, ''),
(91, 'hariupreti679@gmail.com', 'e78340a01bb5c621509a96e43a0aca56', 'hari', 'upreti', 'Engineer', 1, '2016-02-17', '0000-00-00', '8850', NULL, ''),
(92, 'invalidemail@gmail.com', 'e78340a01bb5c621509a96e43a0aca56', 'try', 'check', 'Engineering', 0, '2016-02-17', '0000-00-00', '6304', NULL, ''),
(93, 'web.aadarsh@gmail.com', 'e78340a01bb5c621509a96e43a0aca56', 'aadarsh', 'upreti', 'Engineering', 0, '2016-02-17', '0000-00-00', '8680', NULL, ''),
(94, 'roilaanish@gmail.com', 'e0de4d880054c6a8a978326e579b7028', 'anish', 'roila', 'Engineering', 1, '2016-02-18', '0000-00-00', '7554', NULL, ''),
(95, 'amarray619.ar@gmail.com', 'b2e81a33588d2bce5559d688aa1b6d5e', 'Amar', 'Ray', 'Engineering', 1, '2016-02-22', '0000-00-00', '2042', NULL, ''),
(96, 'bimalpokhrel689@gmail.com', '5e82e3279cd91c212c201504b7c33d3d', 'Bimal', 'Pokhrel', 'Engineering', 1, '2016-02-23', '0000-00-00', '3356', NULL, 'vb6IMn20'),
(97, 'susan_asd@live.com', '25f9e794323b453885f5181f1b624d0b', 'Susan', 'Adhikary', 'Engineering', 0, '2016-02-25', '0000-00-00', '5501', NULL, ''),
(98, 'keshav.mainali12@gmail.com', '1b31bf064c295c6a9ce99c8602ec77c3', 'Keshav', 'Mainali', 'Engineering', 1, '2016-02-25', '0000-00-00', '5670', NULL, 'z9iOsHPh'),
(99, 'anodox01@gmail.com', '66111d5c2f19dbfe7e84cb9904e197c1', 'anodox', 'anon', 'Engineer', 1, '2016-03-03', '0000-00-00', '4630', NULL, ''),
(100, 'sihasgenish1994@gmail.com', '7e932d9aa2a6a54afc74b8f7e9603e5f', 'neymar', 'junior', 'Engineer', 1, '2016-03-04', '0000-00-00', '8610', NULL, ''),
(101, 'namratabhattarai', 'd3e2542f9de2df042a15f2cf2e03a023', 'namrata', 'bhattarai', 'Management', 0, '2016-03-10', '0000-00-00', '8854', NULL, ''),
(102, 'hemantbudhathoki609@gmail.com', 'e10adc3949ba59abbe56e057f20f883e', 'hemant', 'budhathoki', 'Engineering', 1, '2016-03-10', '0000-00-00', '8892', NULL, ''),
(103, 'satish.indupuru@gmail.com', '69c71bf547935ecb6283a8d13c2aba91', 'Satish', 'Reddy', 'Engineering', 0, '2016-03-12', '0000-00-00', '8260', NULL, ''),
(104, 'mbnpatel004@gmail.com', '29c42773cb16bffe8cc141d8065cd24f', 'Mubin', 'Patel', 'Others', 0, '2016-03-12', '0000-00-00', '9466', NULL, ''),
(105, 'sudheerkada@gmail.com', '0f3fce6a74f12b8aca35053410aa628a', 'kada', 'sudheer', 'Engineer', 1, '2016-03-12', '0000-00-00', '1832', NULL, ''),
(106, 'abhibuddy1234@gmail.com', '1e4483e833025ac10e6184e75cb2d19d', 'haalo ', 'tai', 'Engineering', 0, '2016-03-12', '0000-00-00', '5861', NULL, ''),
(107, 'dileepyadav.008@gmail.com', 'c715bf66e533167728bc4e11cb3f0c10', 'dileep', 'kumar', 'Engineering', 1, '2016-03-12', '0000-00-00', '8875', NULL, ''),
(108, 'prateekpup@gmail.com', 'c53bcdd2cad1031a6df18878637ca601', 'Prateek', 'Khurana', 'Engineer', 0, '2016-03-12', '0000-00-00', '7263', NULL, ''),
(109, 'junkyboykk@gmail.com', '4c15ce6b99c31547570abf6040e78ae7', 'Urs', 'Krrish', 'Engineering', 0, '2016-03-23', '0000-00-00', '6888', NULL, ''),
(110, 'rajutamang@gmail.com', 'ef70c430d5ed1ed52bd2ae960bb8ebe4', 'raju', 'tamang', 'Fashion Designe', 0, '2016-03-25', '0000-00-00', '4028', NULL, ''),
(111, 'ajp8848@gmail.com', 'ad53f5fb20dcbe1aeec7aa81e0d0aed2', 'Ajay@', 'Pandit', 'Engineering', 0, '2016-04-03', '0000-00-00', '7207', NULL, ''),
(112, 'blackanmol@gmail.com', 'e0023ddc71555879a4196dc9232732ca', 'Anmol', 'Thakuri', 'Others', 1, '2016-04-04', '0000-00-00', '4028', NULL, ''),
(113, 'mizamancho@gmail.com', 'cfbc385084ed3e7e3720a0b8be89b7c9', 'Zakir', 'Goldmin', 'Others', 0, '2016-04-24', '0000-00-00', '5726', NULL, ''),
(114, 'jfer1966@gmail.com', 'e10adc3949ba59abbe56e057f20f883e', 'JUAN', 'FERNANDEZ', 'Management', 1, '2016-05-28', '0000-00-00', '7056', NULL, ''),
(115, 'hellobrandy111@gmail.com', '4886bf452e89e9566b263cf8482189c6', '</brandy>', '</john>', '</Other>', 1, '2016-05-31', '0000-00-00', '5594', NULL, ''),
(116, 'ksjfjs@gmail.com', '02a05c6e278d3e19afaca4f3f7cf47d9', 'asajhh', 'jkdfdkj', 'Fashion Designe', 0, '2016-05-31', '0000-00-00', '1909', NULL, ''),
(117, 'agrawalankit569@gmail.com', 'e5b0e2f92853338c58b6696d5bc64c7d', 'Ankit', 'Agrawal', 'Management', 1, '2016-06-09', '0000-00-00', '8740', NULL, ''),
(118, 'bikramdas123456@gmail.com', '16e0ee8bba8afa840f337980b682b1df', 'Bikram', 'Das', 'Other Jobs', 0, '2016-06-10', '0000-00-00', '7352', NULL, ''),
(119, 'abc@gmail.com', 'e10adc3949ba59abbe56e057f20f883e', 'Abc', 'Efg', 'Engineering', 0, '2016-06-14', '0000-00-00', '6850', NULL, ''),
(120, 'raianshul84@gmail.com', '240bc306d1a19916d636f3d614e03024', 'Anshul', 'Rai', 'Engineering', 1, '2016-06-14', '0000-00-00', '7816', NULL, ''),
(121, 'prajwal.chaulagain123@gmail.com', '5ffa0faaff96a95bf6fe84a9f26f4cc6', 'prajwal', 'chaulagain', 'Others', 0, '2016-06-15', '0000-00-00', '2087', NULL, ''),
(122, 'lashikang@gmail.com', '99224d98d736f880bf514a84c0182c72', 'Kha tsh', 'Lepcha', 'Management', 0, '2016-07-09', '0000-00-00', '9306', NULL, ''),
(123, 'iisrafil786@gmail.com', '8b9afa25c251b5bf16e29bccc6c4bd9c', 'Israfil', 'Khaan', 'Engineer', 1, '2016-08-05', '0000-00-00', '4291', NULL, '');

-- --------------------------------------------------------

--
-- Table structure for table `user_online`
--

CREATE TABLE IF NOT EXISTS `user_online` (
  `user_online` int(200) NOT NULL AUTO_INCREMENT,
  `user_id` int(200) NOT NULL,
  `time` int(200) NOT NULL,
  `last_online_date` varchar(100) NOT NULL,
  PRIMARY KEY (`user_online`),
  UNIQUE KEY `user_id` (`user_id`)
) ENGINE=InnoDB  DEFAULT CHARSET=utf8 AUTO_INCREMENT=237 ;

--
-- Dumping data for table `user_online`
--

INSERT INTO `user_online` (`user_online`, `user_id`, `time`, `last_online_date`) VALUES
(12, 5, 1456926680, '2016-03-02'),
(13, 7, 1459758497, '2016-04-04'),
(17, 11, 1454779864, ''),
(18, 12, 1454780863, ''),
(19, 13, 1454783016, ''),
(20, 17, 1457455460, '2016-03-08'),
(21, 3, 1454811744, ''),
(25, 18, 1454816573, ''),
(26, 25, 1454816915, ''),
(28, 26, 1454817582, ''),
(29, 27, 1454818206, ''),
(30, 30, 1454819562, ''),
(32, 34, 1454822712, ''),
(41, 46, 1454833548, ''),
(45, 48, 1454837445, ''),
(47, 49, 1454841707, ''),
(48, 50, 1454846358, ''),
(58, 52, 1454855124, ''),
(63, 56, 1454861457, ''),
(66, 59, 1454869261, ''),
(67, 61, 1454888621, ''),
(68, 62, 1456892342, '2016-03-02'),
(74, 66, 1454948788, ''),
(77, 67, 1454954814, ''),
(90, 75, 1455246935, ''),
(91, 78, 1461430850, '2016-04-23'),
(97, 81, 1455345706, ''),
(103, 82, 1455367731, ''),
(113, 6, 1465297650, '2016-06-07'),
(114, 87, 1455517451, ''),
(115, 88, 1455517688, ''),
(121, 90, 1455554082, ''),
(124, 84, 1463291810, '2016-05-15'),
(150, 95, 1456163961, ''),
(155, 83, 1462673923, '2016-05-08'),
(168, 98, 1456424708, ''),
(171, 0, 1471182324, '2016-08-14'),
(180, 99, 1456981053, '2016-03-03'),
(199, 102, 1457628661, '2016-03-10'),
(202, 105, 1457794451, '2016-03-12'),
(208, 2, 1467381963, '2016-07-01'),
(215, 112, 1459788427, '2016-04-04'),
(219, 115, 1464756944, '2016-06-01'),
(220, 114, 1464796290, '2016-06-01'),
(227, 4, 1466006406, '2016-06-15'),
(233, 33, 1466564269, '2016-06-22'),
(235, 123, 1470409202, '2016-08-05');

-- --------------------------------------------------------

--
-- Table structure for table `videos`
--

CREATE TABLE IF NOT EXISTS `videos` (
  `video_id` int(200) NOT NULL AUTO_INCREMENT,
  `user_id` int(200) NOT NULL,
  `title` text NOT NULL,
  `video_link` text NOT NULL,
  `lang_type` text NOT NULL,
  `video_type` varchar(200) NOT NULL,
  `flag` varchar(10) NOT NULL,
  PRIMARY KEY (`video_id`),
  KEY `user_id` (`user_id`)
) ENGINE=InnoDB  DEFAULT CHARSET=utf8 AUTO_INCREMENT=25 ;

--
-- Dumping data for table `videos`
--

INSERT INTO `videos` (`video_id`, `user_id`, `title`, `video_link`, `lang_type`, `video_type`, `flag`) VALUES
(1, 4, 'ONE DIRECTION', 'https://www.youtube.com/watch?v=yjmp8CoZBIo', 'nepali', 'music', ''),
(2, 4, 'Selena Gomez - The Heart Wants What It Wants (Official Video)', 'https://www.youtube.com/watch?v=ij_0p_6qTss', 'nepali', 'music', ''),
(3, 7, 'freedom', 'https://www.youtube.com/watch?v=Sorn-3DHTC8', 'nepali', 'music', ''),
(4, 3, 'LUV SUB | Nepali Movie Official Trailer | Samyam Puri, Salon, Karishma, Shisir', 'https://www.youtube.com/watch?v=__sQ_8Bv66U', 'nepali', 'trailer', '1'),
(5, 27, 'enjoy', 'https://www.youtube.com/watch?v=Xw-m4jEY-Ns', 'nepali', 'music', ''),
(6, 27, 'Dope', 'https://youtu.be/Xw-m4jEY-Ns', 'nepali', 'music', ''),
(7, 1, 'Sorry - Justin Bieber - Against The Current, Alex Goot, KHS Cover', 'https://www.youtube.com/watch?v=AD6yT4HmShI', 'nepali', 'music', ''),
(8, 1, 'Sorry - Justin Bieber / Mina Myoung Choreography', 'https://www.youtube.com/watch?v=iBKOVdhR22c', 'nepali', 'music', ''),
(9, 1, 'DREAMS Nepali Movie Official Trailer', 'https://www.youtube.com/watch?v=GIh38wkkPZY', 'nepali', 'trailer', ''),
(10, 1, 'AMAZING 11 Y/O Boy Dancing to "What Do You Mean" - Justin Bieber |', 'https://www.youtube.com/watch?v=mg6NTRa44K4', 'nepali', 'music', ''),
(11, 4, 'S/o Satyamurthy Theatrical Trailer || Allu Arjun, Upendra, Samantha, Trivikram', 'https://www.youtube.com/watch?v=dpnENU952gc', 'nepali', 'trailer', ''),
(12, 3, 'WARCRAFT Movie Trailer (2016)', 'https://www.youtube.com/watch?v=RhFMIRuHAL4', 'nepali', 'trailer', ''),
(13, 3, 'CABIN FEVER Official Trailer (2016) Eli Roth Horror Remake Movie HD', 'https://www.youtube.com/watch?v=A10CG-eXCKY', 'nepali', 'trailer', ''),
(14, 3, 'ZAYN - PILLOWTALK for zain fan', 'https://www.youtube.com/watch?v=C_3d6GntKbk', 'nepali', 'music', ''),
(15, 3, 'All New Dubsmash Videos of Bollywood | DJ Wale Babu', 'https://www.youtube.com/watch?v=6gDureUyCik', 'nepali', 'dubsmash', ''),
(16, 3, 'Pickup Gone Kissing', 'https://www.youtube.com/watch?v=YEpOKTmdMuc', 'nepali', 'prank', ''),
(17, 1, 'epali Lokdohori Song', 'https://www.youtube.com/watch?v=H54H3MBkEfc', 'nepali', 'music', ''),
(18, 1, 'Old West Dance Battle - Cowboy vs Outlaw (4K)', 'https://www.youtube.com/watch?v=GwMFEtgkvP4', 'nepali', 'music', ''),
(19, 1, 'INC / KNC Please Solve Nepalese Nursing Registration issue', 'https://www.youtube.com/watch?v=-jZNlA1Fpz0', 'nepali', 'informational', ''),
(20, 1, 'Until Registration Say No to Nursing in India', 'https://www.youtube.com/watch?v=vIyjxXfEb4M', 'nepali', 'informational', ''),
(21, 3, 'Main Rahoon Ya Na Rahoon Full Video | Emraan Hashmi, Esha Gupta | Amaal Mallik, Armaan Malik', 'https://www.youtube.com/watch?v=Dp6lbdoprZ0', 'nepali', 'music', ''),
(22, 6, 'New Style Deusi Bhailo', 'https://www.youtube.com/watch?v=dc3FpQE7ARo', 'nepali', 'music', ''),
(23, 6, 'Neppathya''s new video', 'https://www.youtube.com/watch?v=2bjlcHklaW8', 'nepali', 'music', ''),
(24, 1, 'Love yourself (Justin Bieber )', 'https://www.youtube.com/watch?v=5V_FQa363Y0', 'nepali', 'music', '');

-- --------------------------------------------------------

--
-- Table structure for table `video_flag`
--

CREATE TABLE IF NOT EXISTS `video_flag` (
  `flag_id` int(200) NOT NULL AUTO_INCREMENT,
  `video_id` int(200) NOT NULL,
  `user_id` int(200) NOT NULL,
  PRIMARY KEY (`flag_id`),
  KEY `user_id` (`user_id`),
  KEY `video_id` (`video_id`)
) ENGINE=InnoDB  DEFAULT CHARSET=utf8 AUTO_INCREMENT=2 ;

--
-- Dumping data for table `video_flag`
--

INSERT INTO `video_flag` (`flag_id`, `video_id`, `user_id`) VALUES
(1, 4, 1);

--
-- Constraints for dumped tables
--

--
-- Constraints for table `birthday`
--
ALTER TABLE `birthday`
  ADD CONSTRAINT `birthday_ibfk_1` FOREIGN KEY (`birthday_user_id`) REFERENCES `user_login` (`user_id`),
  ADD CONSTRAINT `birthday_ibfk_2` FOREIGN KEY (`wisher_user_id`) REFERENCES `user_login` (`user_id`);

--
-- Constraints for table `comment`
--
ALTER TABLE `comment`
  ADD CONSTRAINT `comment_ibfk_1` FOREIGN KEY (`post_id`) REFERENCES `post` (`post_id`),
  ADD CONSTRAINT `comment_ibfk_2` FOREIGN KEY (`user_id`) REFERENCES `user_login` (`user_id`);

--
-- Constraints for table `dislike`
--
ALTER TABLE `dislike`
  ADD CONSTRAINT `dislike_ibfk_1` FOREIGN KEY (`post_id`) REFERENCES `post` (`post_id`),
  ADD CONSTRAINT `dislike_ibfk_2` FOREIGN KEY (`user_id`) REFERENCES `user_login` (`user_id`);

--
-- Constraints for table `feedback`
--
ALTER TABLE `feedback`
  ADD CONSTRAINT `feedback_ibfk_1` FOREIGN KEY (`user_id`) REFERENCES `user_login` (`user_id`);

--
-- Constraints for table `friend_list`
--
ALTER TABLE `friend_list`
  ADD CONSTRAINT `friend_list_ibfk_1` FOREIGN KEY (`user_id`) REFERENCES `user_login` (`user_id`),
  ADD CONSTRAINT `friend_list_ibfk_2` FOREIGN KEY (`friend_id`) REFERENCES `user_login` (`user_id`);

--
-- Constraints for table `like`
--
ALTER TABLE `like`
  ADD CONSTRAINT `like_ibfk_1` FOREIGN KEY (`post_id`) REFERENCES `post` (`post_id`),
  ADD CONSTRAINT `like_ibfk_2` FOREIGN KEY (`user_id`) REFERENCES `user_login` (`user_id`);

--
-- Constraints for table `post`
--
ALTER TABLE `post`
  ADD CONSTRAINT `post_ibfk_1` FOREIGN KEY (`user_id`) REFERENCES `user_login` (`user_id`);

--
-- Constraints for table `post_flag`
--
ALTER TABLE `post_flag`
  ADD CONSTRAINT `post_flag_ibfk_1` FOREIGN KEY (`post_id`) REFERENCES `post` (`post_id`),
  ADD CONSTRAINT `post_flag_ibfk_2` FOREIGN KEY (`user_id`) REFERENCES `user_login` (`user_id`);

--
-- Constraints for table `user_details`
--
ALTER TABLE `user_details`
  ADD CONSTRAINT `user_details_ibfk_1` FOREIGN KEY (`user_id`) REFERENCES `user_login` (`user_id`);

--
-- Constraints for table `videos`
--
ALTER TABLE `videos`
  ADD CONSTRAINT `videos_ibfk_1` FOREIGN KEY (`user_id`) REFERENCES `user_login` (`user_id`);

--
-- Constraints for table `video_flag`
--
ALTER TABLE `video_flag`
  ADD CONSTRAINT `video_flag_ibfk_1` FOREIGN KEY (`user_id`) REFERENCES `user_login` (`user_id`),
  ADD CONSTRAINT `video_flag_ibfk_2` FOREIGN KEY (`video_id`) REFERENCES `videos` (`video_id`);

/*!40101 SET CHARACTER_SET_CLIENT=@OLD_CHARACTER_SET_CLIENT */;
/*!40101 SET CHARACTER_SET_RESULTS=@OLD_CHARACTER_SET_RESULTS */;
/*!40101 SET COLLATION_CONNECTION=@OLD_COLLATION_CONNECTION */;
